id,ФИО,Пол,Стаж
1,Annadiana Tipple,Female,6
2,Nickola Wholesworth,Male,17
3,Kerrie Roblett,Female,11
4,Carson Tatters,Male,14
5,Claudio Worters,Male,22
6,Molli Kinghorne,Female,7
7,Harland Yeskov,Male,9
8,Kori Reef,Male,11
9,Perla Howsan,Female,9
10,Fleurette Stollberg,Male,19
11,Fallon Bortolazzi,Female,28
12,Lil Queyos,Male,24
13,Steven O'Codihie,Male,20
14,Pavlov Shuard,Female,11
15,Giordano Stileman,Male,20
16,Richmound Nairn,Male,19
17,Polly Lackie,Male,4
18,Sonny Hrinchishin,Male,26
19,Alessandro Girk,Male,11
20,Phineas Coppenhall,Female,8
21,Sheeree Lavis,Female,13
22,Tonia Colchett,Male,1
23,Jacynth Buston,Male,14
24,Jasen Overpool,Female,26
25,Trevor McIndoe,Female,6
26,Ginnifer Matthensen,Female,9
27,Lucas Le febre,Male,5
28,Lilyan Wyldbore,Male,21
29,Melina Fortnon,Male,4
30,Gilberto Juste,Male,23
31,Gradeigh Woodruffe,Male,1
32,Keely Leale,Female,14
33,Tomasina Le Sieur,Female,12
34,Simone Jindacek,Male,6
35,Lorenza Kinkaid,Male,15
36,Eimile Gillott,Male,24
37,Gerri Minci,Male,28
38,Mamie aManger,Female,4
39,Meryl Pulsford,Female,19
40,Loree Tomeo,Male,7
41,Bradford Saul,Male,26
42,Diarmid Curtis,Female,23
43,Lira Brekonridge,Female,23
44,Delmar Endersby,Female,11
45,Koren Dunham,Female,25
46,Celestia Chown,Male,9
47,Orly Bodimeade,Female,7
48,Cherin MacNalley,Male,5
49,Durante Lavielle,Male,24
50,Kalle McKerrow,Female,21
51,Annemarie Rubinfajn,Female,12
52,Darya Noquet,Female,10
53,Carlene Yezafovich,Male,9
54,Amity Bragger,Female,5
55,Nari Follos,Female,8
56,Essa Lorey,Male,29
57,Mignon Regglar,Female,10
58,Gracie Woolforde,Male,17
59,Aurie Kasbye,Female,22
60,Teri Smullin,Female,22
61,Vida Abadam,Male,4
62,Camila Stollsteiner,Male,10
63,Jacinta Byrd,Male,27
64,Wynn Tyce,Male,18
65,Junie Rosenthaler,Female,17
66,Malachi Goldup,Female,24
67,Laureen Pattisson,Female,11
68,Tarra Khomin,Male,21
69,Cookie Sawley,Female,10
70,Lisabeth Hourihane,Male,23
71,Aryn Coy,Male,4
72,Frazier Joyson,Male,6
73,Glenden Dalzell,Male,6
74,Celesta Faireclough,Female,12
75,Janeen Whitfeld,Male,0
76,Lily Matfield,Female,2
77,Donaugh Climie,Male,5
78,Neddie Motton,Male,30
79,Matty Chaloner,Male,29
80,Glynis Stinton,Female,30
81,Kippy Rocca,Male,30
82,Henriette Sigart,Male,11
83,Dareen Daughtery,Female,13
84,Stanfield Bridgement,Male,2
85,Milo Lindop,Female,17
86,Crichton Girvin,Male,18
87,Dominica Wegner,Female,28
88,Prissie Brunker,Female,8
89,Sallyann Cowmeadow,Male,27
90,Tymon Dodshon,Female,9
91,Cosimo Champ,Male,11
92,Rasia Kornacki,Female,19
93,Karie Cheater,Female,23
94,Linell Swainson,Male,8
95,Hobie Storton,Female,1
96,Jordanna Thwaite,Female,17
97,Godfry Langtry,Female,8
98,Gustie Shoute,Male,11
99,Tracy Daoust,Male,22
100,Dix Suttill,Female,8
101,Leilah Denisyev,Male,28
102,Emelen Grubbe,Male,14
103,Jonah Duchart,Female,9
104,Danya Burwood,Male,26
105,Evyn Critzen,Male,5
106,Hally MacCroary,Male,7
107,Morgan Broad,Male,24
108,Brandice Smalles,Male,10
109,Dulsea Rallings,Female,13
110,Sorcha Hanshawe,Female,8
111,Janeczka Feldhorn,Male,28
112,Briant Liell,Male,21
113,Bronnie Chadwen,Female,28
114,Torry Spring,Male,13
115,Chelsey Free,Male,7
116,Archibold Lightwing,Male,19
117,Marla Damp,Male,20
118,Karlik Hesey,Female,0
119,Sanders Mosco,Female,24
120,Maren Hunte,Female,22
121,Darrick Alvarado,Female,30
122,Angelico Jansen,Male,6
123,Farrand Overland,Male,8
124,Reba Melburg,Male,28
125,Leesa Dreelan,Female,25
126,Edmon Mattacks,Male,3
127,Gweneth Widmoor,Female,24
128,Trevor Chasney,Male,26
129,Esteban Ede,Female,5
130,Sabine Fairfoot,Female,11
131,Alaine Ealam,Male,7
132,Gusta Dargue,Female,27
133,Nadiya Lanphere,Male,5
134,Eddy Dillon,Male,14
135,Javier Camings,Female,28
136,Jenelle Janzen,Male,6
137,Merlina Meo,Male,19
138,Garvey Howie,Female,14
139,Buckie Tenpenny,Female,25
140,Ciel Amys,Male,22
141,Aldo Rabbe,Male,12
142,Coretta Bumphrey,Female,23
143,Ros McGiveen,Female,27
144,Lesly Soame,Male,22
145,Derby Basler,Male,5
146,Lucio Billinge,Female,30
147,Allister Dobrowlski,Female,6
148,Danny Swallwell,Male,24
149,Titos Perulli,Male,8
150,Shay Hissett,Male,2
151,Drusilla Ferraro,Male,3
152,Iain Brandon,Male,26
153,Cassondra Restorick,Male,18
154,Lemmy Lowes,Female,11
155,Seline Exrol,Male,29
156,Shell MacKniely,Female,17
157,Rudy McNeilley,Female,17
158,Coleman Royall,Male,24
159,Gallagher Chiddy,Male,26
160,Nancie Peyro,Female,14
161,Bernie Cockren,Male,26
162,Jennie Saph,Female,5
163,Osbourne Sherar,Male,1
164,Neale Currom,Female,26
165,Galven Jikovsky,Female,22
166,Natalee Trimnell,Male,17
167,Nata Bertelsen,Female,7
168,Chen Bury,Male,2
169,Kerstin Tavinor,Male,0
170,Pancho Morten,Female,17
171,Duffie Firpo,Female,21
172,Clari Merrell,Male,24
173,Evelina Beckers,Male,30
174,Gabbie Dufoure,Female,22
175,Geralda Sloyan,Female,25
176,Bernhard Cumbers,Female,17
177,Lambert Leather,Female,14
178,Alan Dudin,Female,21
179,Siegfried Bromilow,Male,15
180,Derk Ferriby,Male,4
181,Keelby Heister,Female,23
182,Adara Fronsek,Male,27
183,Camellia Bartak,Male,1
184,Johann Billows,Female,14
185,Kirsten Albiston,Male,16
186,Kristin Stichel,Male,17
187,Cyndia Edghinn,Male,29
188,Kira Bernardino,Female,1
189,Colin Biaggiotti,Male,29
190,Stormy Mitton,Female,5
191,Katie Laible,Female,20
192,Noelle Stangoe,Female,2
193,Salvatore Knevett,Female,27
194,Tally Boldt,Female,4
195,Tiphany Ronaghan,Male,18
196,Elvin Graalman,Male,17
197,Saleem Lerven,Female,15
198,Nikolas Mc Menamin,Male,30
199,Kim Boate,Male,2
200,Ossie Brogi,Male,9
201,Heindrick Laven,Male,13
202,Heloise Gulberg,Male,24
203,Neely Lintin,Male,11
204,Jody Atter,Male,26
205,Rem Dwelly,Male,5
206,Ax Lunk,Male,16
207,Ricki Piaggia,Female,28
208,Holden Burrett,Female,3
209,Felizio Willeman,Male,20
210,Mariette Batha,Male,0
211,Scott Shrigley,Male,12
212,Susanne Hutcheons,Male,15
213,Hamil Treasure,Female,4
214,Nessa Dungee,Female,20
215,Kenton Szanto,Male,30
216,Roselle Greenman,Male,25
217,Timothee Reinhart,Female,9
218,Natty Haggarty,Male,13
219,Marketa Bumfrey,Female,7
220,Phylis Fowkes,Male,4
221,Marla Melland,Male,10
222,Demott Jozwiak,Female,0
223,Ivette Stamp,Female,10
224,Ferdinande Leber,Female,10
225,Roanne Scuffham,Female,30
226,Babb Maywood,Male,16
227,Werner Roads,Female,29
228,Laurianne Rosthorn,Male,13
229,Edmund Biggadyke,Male,24
230,Jacki Blinco,Male,12
231,Vladimir Cristea,Male,30
232,Sherlock De Benedictis,Female,25
233,Carlene Clowney,Female,10
234,Leonelle Olivetta,Female,0
235,Jeth Polye,Male,13
236,Ailbert Zeale,Female,11
237,Willi Polino,Female,6
238,Katharine Lapham,Male,12
239,Christian Kilmary,Female,16
240,Carol Gadeaux,Female,24
241,Adolphus Camblin,Male,16
242,Sanford Kyte,Male,17
243,Mattie Sturridge,Female,18
244,Oriana Daton,Female,11
245,Kristos Fadden,Male,18
246,Thoma Wyd,Male,17
247,Clark Melarkey,Female,19
248,Virge Leavold,Female,8
249,Concettina Mazin,Female,29
250,Sascha Dunthorne,Female,24
251,Vivyan Dimelow,Female,24
252,Tiffanie Edgson,Female,1
253,Shaylah Wabersich,Male,30
254,Ana Vanni,Male,10
255,Wendall Galland,Male,30
256,Maurizio Roscam,Male,1
257,Myron Deverock,Female,18
258,Carlyle Hambric,Male,19
259,Steward Bodicam,Male,28
260,Jens Denis,Male,25
261,Sapphira Wilkowski,Male,15
262,Clem Robrose,Male,21
263,Charlean Bosward,Male,20
264,Julee Gude,Male,10
265,Garry Klug,Female,27
266,Emily Hentze,Male,28
267,Farrah Wilgar,Male,17
268,Jory Tiddy,Female,22
269,Estele Arderne,Male,10
270,Lanie McTaggart,Female,3
271,Randa Offield,Female,22
272,Parry Zannetti,Male,14
273,Minda Buessen,Female,21
274,Brnaby Gillett,Male,17
275,Adrien Stocking,Female,12
276,Bethanne O'Mahoney,Female,28
277,Justen Ganforth,Male,28
278,Charlie Segrott,Male,3
279,Ardath Solman,Male,24
280,Irena Baynton,Female,12
281,Allard Stoeck,Male,12
282,Galvin Surridge,Female,0
283,Annetta Collisson,Male,28
284,Natalee Hartland,Female,6
285,Moyra Tremble,Male,11
286,Sheryl Sorrill,Female,8
287,Gale Pollok,Male,6
288,Donia Earland,Male,24
289,Aindrea Merfin,Female,14
290,Darcy Sammes,Male,17
291,Joana Trebilcock,Male,28
292,Kaine Slowcock,Female,24
293,Teriann Pallesen,Female,24
294,Othello Crampin,Male,9
295,Maxim Davson,Male,17
296,Malchy McCaster,Female,18
297,Bunny Lindroos,Female,27
298,Osmund Kornousek,Female,14
299,Riva Hrachovec,Male,24
300,Gualterio Chadwen,Male,12
301,Daryn Baress,Male,23
302,Hatty Belderfield,Female,12
303,Gordon Friedank,Male,24
304,Adena Sprigging,Female,2
305,Mikel Dalliston,Female,2
306,Lonny Allabush,Female,6
307,Seline Mournian,Female,28
308,Cornelle Coomber,Female,0
309,Deerdre Prodrick,Female,5
310,Orlan Greengrass,Female,22
311,Patric Jess,Male,6
312,Marena Cruden,Male,24
313,Bobbie Landrieu,Male,22
314,Liam Aspinal,Male,10
315,Farah Smalls,Female,17
316,Daria Bossingham,Male,17
317,Sela Rape,Male,13
318,Liza Pairpoint,Female,13
319,Estell St Quenin,Female,2
320,Amii Bunyard,Male,5
321,Margery Pleven,Female,4
322,Reese Siveyer,Male,0
323,Jacklyn Breckenridge,Female,10
324,Padriac Ivett,Male,3
325,Darryl Knivett,Female,30
326,Phillie Paulsen,Male,25
327,Waly Gourdon,Female,12
328,Haleigh Pavier,Male,6
329,Lanny Pasmore,Female,2
330,Harwilll Poultney,Female,21
331,Sibyl Shivell,Male,6
332,Orrin Crosland,Female,11
333,Silvie Cholwell,Male,13
334,Donelle Hempel,Male,10
335,Killy Keaveney,Male,0
336,Blanche Slainey,Female,22
337,Nickola Bond,Female,21
338,Jessee Eckart,Male,10
339,Mario Murty,Female,26
340,Elwin Filgate,Female,16
341,Aguie McDougall,Male,5
342,Emmalyn Pettyfar,Female,24
343,Christie Chicchelli,Female,19
344,Pierce Conklin,Male,7
345,Eve Ghiron,Male,28
346,Ruthy Murfill,Male,30
347,Ferd Darley,Female,20
348,Blondy Kadar,Male,25
349,Irvine Songhurst,Female,9
350,Koren Loomes,Male,13
351,Ethelbert Dani,Male,0
352,Kennith Boswood,Female,2
353,Carlyn Coniff,Male,0
354,Regen Iozefovich,Female,15
355,Bruis Bale,Male,20
356,Shelagh Leblanc,Female,17
357,Melisenda Downton,Female,2
358,Aurie Dominec,Female,26
359,Gawen Richens,Female,8
360,Honey Gossage,Female,18
361,Denny Coopey,Female,15
362,Allianora Heaney`,Female,3
363,Devlin Sanderson,Male,22
364,Nike MacAulay,Female,29
365,Amabel Enderlein,Female,23
366,Gabriel Eddies,Female,14
367,Nickola Pountney,Male,28
368,Mirilla Honack,Female,20
369,Christyna Rulf,Female,0
370,Randy Perry,Male,15
371,Rayner Cody,Female,17
372,Giselbert Sproson,Male,26
373,Otho Colaco,Female,23
374,Edward Stit,Female,11
375,Lester MacAlpin,Male,17
376,Burnaby Loosley,Female,5
377,Johan Blaxley,Male,19
378,Daveen Fellman,Female,14
379,Stefa Chatto,Male,27
380,Tiler Jenny,Female,28
381,Alvina Fee,Male,23
382,Georgie McGahy,Female,26
383,Evangelin Pilbeam,Female,27
384,Rhona Slegg,Male,10
385,Rutter Cooch,Female,0
386,Liv Nolin,Male,30
387,Noell Hasloch,Female,2
388,Katlin Kraft,Female,6
389,Allys Wornum,Male,11
390,Albertine Pauling,Female,12
391,Nicky Caldeiro,Female,13
392,Monah Belt,Male,12
393,Brett Harses,Male,9
394,Rosana de Keep,Male,9
395,Del Bridle,Female,0
396,Bartel Danilchev,Male,3
397,Nathaniel Fillery,Female,12
398,Torie Idle,Male,10
399,Marian Zarfati,Male,14
400,Halsey Guido,Male,18
401,Kathryne McDermid,Female,3
402,Zack Payn,Male,0
403,Pepi Lissemore,Female,2
404,Moira Counter,Male,1
405,Hamilton Wylie,Male,15
406,Farlay Kirvell,Female,5
407,Adah Postance,Female,24
408,Pia Corden,Female,22
409,Kaye Pilling,Male,17
410,Barby Goudard,Male,29
411,Lefty Renforth,Male,30
412,Ofilia Langran,Female,16
413,Kamillah Weatherby,Male,5
414,Francoise Measures,Male,11
415,Lindsey Reinard,Male,12
416,Sande Baccus,Female,5
417,Buffy Clampton,Female,6
418,Flin Widdows,Male,19
419,Fidelio Mattholie,Male,19
420,Gaven Vesco,Female,22
421,Adrian Eaden,Female,3
422,Prisca Olfert,Female,3
423,Hephzibah Haxby,Female,20
424,Trudi Chesher,Female,24
425,Luise Coddington,Male,7
426,Bernetta Halifax,Male,4
427,Joey Heinrich,Female,5
428,Hanni Prestner,Female,4
429,Bradney Kibard,Female,9
430,Arden Bagshaw,Male,24
431,Eb Belin,Female,20
432,Golda Rulton,Female,2
433,Oliviero Pessolt,Male,6
434,Wade Culver,Female,14
435,Lorraine Gehrels,Female,16
436,Antoinette Jory,Female,12
437,Anabel Masterman,Male,5
438,Aline Beedle,Female,28
439,Patsy Le feuvre,Male,23
440,Magda Leather,Male,20
441,Reena Adel,Male,24
442,Shermie Ioannidis,Female,4
443,Morissa Januszkiewicz,Male,0
444,Rhys Gowler,Female,16
445,Svend Laguerre,Male,21
446,Maribeth Burgane,Female,29
447,Amble Spreckley,Male,17
448,Sibley Walsom,Female,5
449,Reg Huttley,Male,25
450,Bert Hurne,Female,0
451,Kendall Nowakowski,Female,7
452,Natalina Revie,Male,8
453,Krystyna Pendall,Male,10
454,Aurore Lazar,Female,13
455,Celinka Spurgeon,Female,11
456,Hillyer A'field,Male,19
457,Turner Faragher,Female,11
458,Dallis Doldon,Female,20
459,Johnathan Wrennall,Female,20
460,Bryan Amori,Male,13
461,Gustie Dowman,Male,5
462,Priscella MacSkeagan,Male,3
463,Eleanor Keighly,Male,23
464,Sybilla Milam,Female,3
465,Jacinta Iwanowski,Female,6
466,Thatch Stranks,Male,6
467,Berti Woodruff,Male,10
468,Lacee Ravenscroft,Male,6
469,Lou Hutcheon,Male,8
470,Valeda Van Schafflaer,Male,0
471,Hildagard Saunt,Female,2
472,Ahmed Bosence,Male,4
473,Cassandry Worvell,Female,7
474,Chrissy Waith,Male,23
475,Grantley Stanton,Female,18
476,Rickie Howard - Gater,Female,0
477,Manon de Chastelain,Female,3
478,Eula Kiellor,Male,1
479,Glenn MacDaid,Male,16
480,Sherill Fellgatt,Male,28
481,Mickie Buckoke,Male,1
482,Rudolf Guillon,Female,26
483,Annis Demange,Female,4
484,Bernete Brute,Female,7
485,Viva Lucas,Male,23
486,Holli Hackford,Female,9
487,Stanislaus Blenkinsop,Female,30
488,Hector Dominique,Male,29
489,Whitney FitzGeorge,Male,1
490,Dahlia Hambatch,Male,25
491,Dennie Enston,Male,25
492,Bunni Schafer,Male,16
493,Kaila Martin,Male,18
494,Del Durrand,Female,26
495,Melisa Kisbee,Female,2
496,Adham Le Teve,Male,14
497,Herrick Semrad,Female,0
498,Chaddy Jowle,Male,15
499,Gerhard Edelston,Male,24
500,Roderic Jerwood,Male,27
501,Pepita Thickett,Male,27
502,Cathi Brierly,Female,19
503,Korry Gudgion,Male,15
504,Catina Speight,Female,0
505,Meredeth Cater,Female,15
506,Wes Jefferys,Female,2
507,Shellie Peacey,Female,21
508,Roobbie Regorz,Male,14
509,Jaquelin Chandler,Male,17
510,Dimitry Looker,Male,30
511,Georgette Mossbee,Female,9
512,Cindi Hambatch,Female,21
513,Ginelle Ruggieri,Male,16
514,Robena Langcaster,Female,30
515,Eleanore Alldritt,Female,15
516,Donall Mansfield,Male,14
517,Hadley O'Reilly,Male,16
518,Moyra Giorgio,Female,20
519,Padraic Blakes,Male,26
520,Donny Darey,Female,8
521,Cord Catanheira,Male,10
522,Andriana Giffon,Male,14
523,Franciska Oxx,Female,30
524,Perry Ladson,Male,14
525,Veronike Twidale,Female,2
526,Callie Heigl,Female,19
527,Cordey Aldwinckle,Female,11
528,Roanne Muff,Male,17
529,Magdalene Golston,Male,2
530,Flory Chooter,Female,8
531,Sephira Prahm,Female,12
532,Caroljean Clymer,Female,14
533,Kanya Sesser,Male,20
534,Katharine Kauffman,Male,28
535,Esra Sixsmith,Female,30
536,Rebbecca Keddey,Male,9
537,Emilia Sessions,Male,20
538,Jasper Davidman,Female,21
539,Kelwin Tabbitt,Male,26
540,Kendal Galliford,Female,4
541,Bobbye Branno,Male,8
542,Shelden Moulds,Male,28
543,Randie Hardie,Female,4
544,Dorrie Wollrauch,Male,10
545,Warde Heijne,Male,15
546,Deane Hyndes,Female,5
547,Sean Gritland,Female,6
548,Corene MacGinley,Female,16
549,Grantham Trumble,Female,2
550,Cullan Dahler,Male,23
551,Katey Marrett,Female,3
552,Adda Spurge,Male,3
553,Vina Djorvic,Female,7
554,Thacher Bilsborrow,Female,2
555,Leanora Clarkson,Male,18
556,Benita Basketter,Female,23
557,Darice Esp,Male,4
558,Gaynor MacConnulty,Male,27
559,Keen Morch,Male,12
560,Lee Emm,Female,26
561,Kelly Boots,Female,6
562,Major Jentet,Female,23
563,Henka Calver,Male,13
564,Franz Geekie,Male,2
565,Roxane Twoohy,Female,19
566,Brittne Cheeseman,Male,10
567,Larry Gruby,Female,30
568,Floris Keach,Male,5
569,Luke Carlino,Female,18
570,Cara Fowlie,Male,6
571,Kendricks Augar,Female,26
572,Maggie Braikenridge,Male,0
573,Pace Shoute,Female,17
574,Bing Yardy,Male,30
575,Cheri Matchett,Female,11
576,Hedda Ragge,Female,0
577,Gerta Aronovitz,Male,25
578,Marcellina Rhoades,Male,5
579,Jodee Spear,Male,4
580,Wilhelm Oakley,Male,16
581,Dominique Tarbox,Male,5
582,Egor Petroselli,Female,5
583,Frazer St. Louis,Female,0
584,Trude Kivlehan,Male,17
585,Sammy Di Bernardo,Male,27
586,Brianna Fort,Female,13
587,Hinda Stooke,Female,29
588,Cathrine Ferres,Male,27
589,Marthe Pill,Female,30
590,Cher Stefi,Female,16
591,Gwenore Skellion,Male,0
592,Fredericka Dorwood,Female,27
593,Phedra Tallach,Male,8
594,Hiram Knewstubb,Male,29
595,Reeba Canwell,Male,19
596,Towney Pavelka,Female,22
597,Nita Westrey,Female,30
598,Zilvia Swainston,Female,21
599,Berenice Georgi,Male,23
600,Kirstyn Botterell,Female,3
601,Rasia O'Sherin,Female,10
602,Adriano Lowten,Female,25
603,Shelly Baptiste,Female,13
604,Pia Senyard,Female,10
605,Wallie Ensley,Male,26
606,Enrique Denyukin,Female,4
607,Dottie Dryburgh,Female,6
608,Christoffer Ilyuchyov,Female,5
609,Nicolais Zack,Male,18
610,Lori Shrubsall,Male,27
611,Kin Rummery,Male,30
612,Waly Pflieger,Female,23
613,Silvester Lydon,Male,11
614,Milicent Hiscoke,Male,23
615,Swen Bolding,Male,9
616,Bella Zellick,Male,2
617,Angy Manders,Male,20
618,Thurston Brownlee,Male,10
619,Tori Segar,Female,29
620,Sheelagh Nemchinov,Female,5
621,Colet Hakes,Female,22
622,Ferrell Abrahamsohn,Male,23
623,Babara Eland,Male,5
624,Carey Gilbank,Female,15
625,Ronnie O'Kinneally,Female,7
626,Neil Axtell,Male,4
627,Desiri Gioan,Male,27
628,Sally Petto,Female,20
629,Ariel Eustanch,Female,19
630,Stephen Brosi,Female,15
631,Feodor Klainman,Female,30
632,Stanfield Coutthart,Female,5
633,Lotte Stanbra,Female,0
634,Marsh Bolzen,Female,14
635,Mickey Koenen,Male,1
636,Matelda Pipkin,Female,23
637,Wallie Boyington,Female,2
638,Lucho Wetherill,Female,3
639,Dukie Franses,Female,21
640,Teena Pering,Male,18
641,Ravi Le Marquis,Male,8
642,Pepito Havard,Female,25
643,Adolph Guerrier,Female,12
644,Steven Midner,Female,17
645,Janeen Penk,Female,30
646,Clarabelle Billitteri,Female,17
647,Lazare Fenich,Male,16
648,Etan De Cruce,Female,13
649,Noby Treneman,Female,27
650,Ryun Beech,Male,8
651,Mohandas Tomczykiewicz,Female,1
652,Keven Sharp,Male,14
653,Niels Maty,Male,15
654,Ingrim Tacey,Female,20
655,Rockey Antonovic,Female,7
656,Celinka Sedcole,Male,0
657,Inger Dome,Male,19
658,Harriette Cornish,Female,17
659,Tania Greensitt,Female,9
660,Abramo Turone,Male,20
661,Geri Hull,Female,10
662,Salome Gilmartin,Male,10
663,Gene Weedenburg,Female,14
664,Gregoor Leindecker,Female,2
665,Sheela Berr,Female,1
666,Andras Stembridge,Female,10
667,Tiebout Swatridge,Female,23
668,Gina Inglis,Male,29
669,Arni Empringham,Male,12
670,Maurise Nendick,Female,12
671,Xylia California,Male,17
672,Gennifer Colebeck,Female,0
673,Sammy Decruse,Female,30
674,Lazare Lodwick,Male,27
675,Quintin Gioan,Female,10
676,Estell Letham,Female,3
677,Myrvyn Redolfi,Male,12
678,Clarke Wix,Male,14
679,Oralia Drury,Female,10
680,Ramonda Roux,Male,6
681,Gay Arzu,Female,0
682,Waylen Ugolini,Male,16
683,Barthel Ashbridge,Female,25
684,Christabel Brunnen,Female,17
685,Shandeigh Jenken,Male,23
686,Itch Egell,Female,6
687,Reena Arlidge,Female,28
688,Heriberto Gierth,Female,15
689,Lily Truesdale,Female,6
690,Leta Firth,Male,4
691,Harmon Cridland,Male,24
692,Andrei Farbrother,Female,19
693,Janaya Germann,Female,28
694,Marchall Acheson,Male,23
695,Cozmo Libreros,Male,5
696,Ebba Crampin,Male,6
697,Merl Kores,Female,11
698,Teodora Reddlesden,Male,4
699,Edgard Philpault,Male,19
700,Reuben Klempke,Male,10
701,Elberta McCathie,Male,18
702,Nessa Colledge,Female,5
703,Calhoun Canlin,Female,24
704,Berky Aylmore,Female,19
705,Netta Colerick,Female,17
706,Reynard Roller,Male,29
707,Garrot Greene,Female,27
708,Rozina Charles,Male,10
709,Gerry Akam,Female,2
710,Faulkner Gherardelli,Male,11
711,Kevan Nuzzti,Female,14
712,Nickolaus Redwin,Male,13
713,Augustine Novakovic,Female,13
714,Latrina Franzini,Female,30
715,Emilio Sich,Female,0
716,Raynor Birdwhistell,Female,15
717,Geordie Windas,Female,4
718,Min Pittman,Male,7
719,Kerwin Quinton,Female,8
720,Giacobo De Gowe,Female,29
721,Benedicto Mattimoe,Male,21
722,Ekaterina Messer,Female,8
723,Catrina Hackly,Male,22
724,Letizia Kryszka,Male,29
725,Heath Wegener,Female,25
726,Vladamir Bulford,Female,2
727,Ronnie Highwood,Male,30
728,Brent Tourle,Female,1
729,Drusie Ghidoli,Female,8
730,Gerhardt Edkins,Female,14
731,Othella Michallat,Female,0
732,Judah Well,Male,16
733,Aime Ygoe,Male,19
734,Cheston Ciccone,Female,29
735,Lucine Toleman,Female,23
736,Flem Ruusa,Female,8
737,Roanna Keattch,Female,23
738,El Langsdon,Male,17
739,Janeva Powner,Female,7
740,Karlen Tesyro,Male,26
741,Ingaborg Thurnham,Female,15
742,Staci Golledge,Female,2
743,Daria Curner,Male,2
744,Eleanore Franies,Male,25
745,Dicky Couvert,Female,25
746,Remington Peasby,Female,4
747,Shelia Caesmans,Female,9
748,Jessee Spellar,Female,18
749,Mortimer Yukhtin,Female,28
750,Aveline Vel,Female,5
751,Ginevra Hintzer,Female,18
752,Jody Ormistone,Female,30
753,Jolee Ellwell,Male,3
754,Waldemar Filyashin,Male,23
755,Cornall Yonnie,Male,7
756,Karleen Clardge,Male,4
757,Trixie Boddam,Female,11
758,Corrianne Redgewell,Male,26
759,Annalise Frame,Female,18
760,Harlin Hoff,Female,22
761,Sammy Bramble,Female,28
762,Evita Frushard,Male,29
763,Jedidiah Stothert,Female,29
764,Chad Fortman,Female,24
765,Corly Thornewill,Female,0
766,Linzy Riddeough,Male,13
767,Eadie Heintzsch,Male,4
768,Hildagard Gillease,Female,23
769,Olivero Janatka,Female,30
770,Justus Whettleton,Male,1
771,Tyson Glanert,Female,10
772,Rollin Barbery,Female,26
773,Patric Jouannin,Female,16
774,Kort Bretherick,Female,12
775,Sauncho Frisdick,Male,24
776,Crin Cowlard,Female,19
777,Ketty Janiszewski,Male,11
778,Huntley Jillard,Male,18
779,Grier Parkins,Female,30
780,Leland O'Ferris,Male,7
781,Bard Kearns,Female,20
782,Bertie Bartelot,Male,13
783,Essie Wildber,Female,30
784,Fiann Trevear,Female,11
785,Daryl Red,Female,16
786,Alisander Cropper,Female,19
787,Kaylyn Barkess,Male,3
788,Isabel Grishakin,Female,5
789,Marsha Cranmere,Male,0
790,Lee Henrionot,Male,5
791,Othella Arbuckle,Male,16
792,Winthrop Heskins,Female,15
793,Valry Uphill,Female,24
794,Hestia Bourchier,Male,11
795,Jaclyn Jenkyn,Female,25
796,Madeleine Grewes,Male,28
797,Sally Janew,Male,30
798,Hermie Kibbe,Female,30
799,Kristyn Kloska,Female,9
800,Austin Reinhart,Female,16
801,Ingar Sibbald,Female,18
802,Mohammed Pittford,Male,1
803,Amelita Vermer,Male,6
804,Isa Livett,Male,9
805,Michale Cozzi,Male,4
806,Kirbie Tooher,Male,21
807,Kipper Greatham,Female,2
808,Loy O'Logan,Male,28
809,Evaleen Battersby,Male,1
810,Laurette Aird,Female,10
811,Leone Koles,Male,0
812,Grayce Fearnyhough,Female,7
813,Kristos Baldry,Female,15
814,Perl Louthe,Male,18
815,Tami Dews,Female,19
816,Cleopatra Saterweyte,Female,30
817,Amanda Martensen,Male,30
818,Arlinda Leuchars,Female,26
819,Lyn Rosenhaus,Male,2
820,Myles Crighton,Female,27
821,Johnette McDugal,Female,8
822,Vernen Stud,Female,4
823,Angelle Beelby,Female,11
824,Giordano Newman,Female,24
825,Adriana Collens,Male,23
826,Burch Fessier,Female,29
827,Ermin Station,Female,26
828,Alex Dominiak,Male,24
829,Thomasa Ludron,Female,22
830,Morgen McConway,Female,22
831,Erminia MacGow,Female,20
832,Lesley Neasam,Female,28
833,Thorstein Avard,Male,0
834,Delinda Lightwing,Female,11
835,Dorree Binnell,Female,16
836,Kiley Twallin,Male,28
837,Freeman Piletic,Male,5
838,Cazzie McGall,Male,19
839,Millisent Ogglebie,Female,30
840,Karil Roman,Female,4
841,Yurik Arnatt,Male,16
842,Aurie Mariolle,Male,8
843,Piotr Armatage,Female,30
844,Marge Wymer,Male,15
845,Noe Flitcroft,Female,30
846,Nolie McGeoch,Female,22
847,Janenna Tydeman,Female,13
848,Amil Monketon,Female,9
849,Eulalie Bourner,Male,14
850,Harper Moriarty,Female,12
851,Theresina Robillard,Male,15
852,Keir Dowda,Female,21
853,Adora Readitt,Female,26
854,Morganica Jarrette,Female,28
855,Niki Sarge,Male,20
856,Emilee Edis,Male,22
857,Bjorn Whittek,Female,20
858,Silva Sprowson,Male,10
859,Leonard Kohlerman,Male,28
860,Almire Balke,Female,2
861,Cobb Burness,Male,20
862,Zerk Espy,Female,26
863,Anna-maria Setterington,Male,23
864,Dionne Barwis,Male,29
865,Adan Goudard,Female,16
866,Mab Carriage,Male,16
867,Carlen Tailby,Male,23
868,Dotty Hedan,Female,7
869,Tybie Lipman,Female,6
870,Osbourne Cowap,Female,2
871,Nicolina Gurge,Male,28
872,Ranice McCarl,Male,27
873,Shaylyn Redhouse,Female,22
874,Sadie Lyte,Female,7
875,Myriam Lorant,Male,0
876,Emyle Randle,Male,2
877,Loren Druitt,Female,30
878,Brigid Traviss,Female,6
879,Shay Gutch,Male,13
880,Gavin Biernacki,Male,1
881,Faydra Louca,Female,21
882,Dale Peplaw,Male,25
883,Eadith Toomey,Female,28
884,Mycah Epple,Female,19
885,Pamelina Melley,Female,21
886,Lin Elis,Male,14
887,Cyndi Wreakes,Male,7
888,Jandy Brandi,Male,17
889,Calypso Minear,Male,7
890,Vasili Maidens,Female,29
891,Del Butler,Male,2
892,Philip Hannam,Female,4
893,Danya Kowalik,Female,15
894,Grover Gayler,Female,30
895,Jacques Gudde,Female,16
896,Felix Sailor,Female,15
897,Conan Coleridge,Female,24
898,Waldemar Shrimptone,Male,13
899,Nady Zincke,Female,9
900,Annora Lefwich,Male,24
901,Iorgo Jelk,Female,21
902,Collen Dinan,Male,17
903,Hestia Harfoot,Female,24
904,Goldarina Skipworth,Male,15
905,Cazzie Allbrook,Male,25
906,Xenia Priddle,Male,13
907,Torrance Delucia,Female,9
908,Norbert Challenger,Female,20
909,Currey Robilart,Male,3
910,Ly Augustus,Female,21
911,Andros Ibbett,Male,6
912,Elianore Runnicles,Male,3
913,Franchot Rosenbarg,Male,20
914,Germayne Reimer,Male,2
915,Cy Crinkley,Male,30
916,Don Lowdiane,Female,18
917,Vernen MacAnulty,Male,24
918,Delphinia Line,Female,22
919,Kaitlynn Restieaux,Female,23
920,Carrol Goodhay,Male,5
921,Augie Growy,Male,3
922,Harri Franceschielli,Male,18
923,Mort Spir,Male,13
924,Sol Maywood,Male,17
925,Glendon Bartak,Male,29
926,Devora Yggo,Male,17
927,Alexei Rowaszkiewicz,Female,8
928,Orlan Pickerin,Male,3
929,Cirstoforo Orta,Female,18
930,Kennie MacShirrie,Female,29
931,Isadora Bingall,Male,17
932,Nobie Prescote,Male,22
933,Rheta Lenaghen,Male,0
934,Lyle Flattman,Female,3
935,Phil Browell,Female,27
936,Stephan Ekell,Male,14
937,Danie Creasey,Female,30
938,Tiphanie Corkill,Male,16
939,Arvie Poletto,Female,29
940,Pennie Wonham,Female,16
941,Isis Enoksson,Male,30
942,Carolus Bunney,Male,27
943,Shoshana Doppler,Female,18
944,Ethel Bridgement,Female,21
945,Aldous Pammenter,Male,29
946,Elwyn Degoey,Female,17
947,Hilliary Lavalde,Female,3
948,Oran Elliston,Male,20
949,Loreen Rawstorne,Female,19
950,Ronnica Behn,Male,2
951,Juli Basill,Female,12
952,Trula Powderham,Male,19
953,Gill Dranfield,Male,9
954,Stacy Berthomier,Male,10
955,Matelda Rumble,Female,27
956,Barbabra Sieb,Male,18
957,Keelby Petteford,Female,24
958,Boot Vasenin,Male,22
959,Berna Goolden,Female,0
960,Dean Rutgers,Female,2
961,Sadie Josefsen,Male,21
962,Joletta Chrispin,Female,2
963,Elissa Pobjay,Female,18
964,Cornie Rozzell,Male,6
965,Carena Murgatroyd,Male,22
966,Rutger Kilfeder,Male,6
967,Christy Hoogendorp,Female,9
968,Morly Concannon,Female,14
969,Zola Jime,Male,21
970,Edin Poltone,Male,26
971,Joanna Blance,Male,11
972,Pip Romero,Male,18
973,Jaine Wastell,Male,15
974,Jedediah Prichard,Female,21
975,Ricca Coen,Female,30
976,Jami Powdrill,Female,20
977,Chrisy Jeannot,Male,3
978,Nevins Impson,Female,27
979,Edlin Luke,Male,8
980,Goran Hasty,Female,23
981,Ginger Camber,Female,17
982,Christoffer Calton,Female,28
983,Coleen Salling,Female,15
984,Misha Simnell,Male,26
985,Randolf Bounds,Male,25
986,Jenelle Jakubowicz,Female,21
987,Orelee Candy,Female,7
988,Ranee Jest,Female,6
989,Florina Fitzroy,Male,1
990,Megen Baison,Male,12
991,Oralla Findlay,Female,20
992,Edgardo Tunniclisse,Female,23
993,Biron Willder,Male,29
994,Prudy Molloy,Male,6
995,Constantine Threlkeld,Female,27
996,Obediah Roland,Female,30
997,Odille Pinkie,Female,3
998,Georgie Luxmoore,Male,22
999,Giraldo Piggins,Female,16
1000,Lilyan Markus,Female,1
