id,Производитель,Загруженность,Состояние,Тип,Номер модели,id_Hangar
1,Airbus,94,Хорошее,Грузовой,637-02-4564,1
2,Airbus,20,Неудовлетворительное,Пассажирский,263-44-5625,2
3,Airbus,8,Удовлетворительное,Грузовой,155-70-5274,3
4,Lockheed,19,Ну такое,Грузовой,752-16-7496,4
5,Kawasaki,11,Неудовлетворительное,Грузовой,697-82-1054,5
6,Airbus,6,Удовлетворительное,Грузовой,384-31-6307,6
7,Boeing,3,Идеальное,Грузовой,612-02-2618,7
8,Boeing,0,Хорошее,Грузовой,484-29-8279,8
9,Туполев,8,Идеальное,Пассажирский,765-75-5771,9
10,Airbus,44,Ну такое,Пассажирский,585-38-2806,10
11,Туполев,27,Удовлетворительное,Пассажирский,196-85-8341,11
12,Туполев,43,Хорошее,Пассажирский,206-50-4972,12
13,ОАК,93,Идеальное,Пассажирский,509-04-6062,13
14,Lockheed,26,Удовлетворительное,Пассажирский,891-77-8057,14
15,Туполев,95,Неудовлетворительное,Грузовой,586-14-3768,15
16,Kawasaki,86,Ну такое,Пассажирский,278-25-9836,16
17,ОАК,61,Ну такое,Грузовой,771-06-4726,17
18,Airbus,57,Ну такое,Пассажирский,392-69-9853,18
19,Kawasaki,90,Идеальное,Пассажирский,459-92-5287,19
20,Lockheed,4,Идеальное,Грузовой,501-59-1772,20
21,Lockheed,55,Хорошее,Грузовой,734-48-1957,21
22,Lockheed,2,Удовлетворительное,Пассажирский,386-11-9535,22
23,ОАК,27,Хорошее,Грузовой,606-68-8242,23
24,Туполев,65,Неудовлетворительное,Пассажирский,374-79-2577,24
25,Boeing,23,Удовлетворительное,Пассажирский,693-89-0891,25
26,Lockheed,38,Ну такое,Грузовой,381-37-2126,26
27,Airbus,38,Хорошее,Пассажирский,233-33-5743,27
28,Туполев,14,Неудовлетворительное,Грузовой,890-09-9982,28
29,Airbus,15,Неудовлетворительное,Пассажирский,178-31-5100,29
30,ОАК,31,Хорошее,Пассажирский,516-67-1663,30
31,Lockheed,7,Хорошее,Грузовой,481-77-7924,31
32,Туполев,76,Удовлетворительное,Грузовой,631-85-2348,32
33,Kawasaki,50,Ну такое,Пассажирский,114-17-7283,33
34,Airbus,37,Хорошее,Грузовой,769-50-1282,34
35,Airbus,13,Идеальное,Грузовой,659-26-3997,35
36,Airbus,85,Неудовлетворительное,Пассажирский,876-98-7184,36
37,Туполев,74,Идеальное,Грузовой,780-67-9910,37
38,Boeing,6,Удовлетворительное,Грузовой,269-09-0198,38
39,Туполев,98,Удовлетворительное,Пассажирский,366-86-8056,39
40,Boeing,76,Удовлетворительное,Пассажирский,479-75-3715,40
41,Туполев,59,Ну такое,Пассажирский,491-43-8830,41
42,Kawasaki,55,Ну такое,Грузовой,384-43-5503,42
43,Airbus,26,Идеальное,Грузовой,453-25-0255,43
44,Boeing,49,Удовлетворительное,Пассажирский,394-92-2212,44
45,Airbus,7,Идеальное,Пассажирский,511-22-1944,45
46,Kawasaki,19,Ну такое,Грузовой,736-24-0324,46
47,Lockheed,6,Удовлетворительное,Грузовой,277-13-6377,47
48,Kawasaki,62,Хорошее,Пассажирский,135-21-5547,48
49,Airbus,100,Удовлетворительное,Грузовой,401-99-4590,49
50,Airbus,3,Удовлетворительное,Грузовой,283-34-9100,50
51,Kawasaki,51,Идеальное,Пассажирский,420-61-6071,51
52,Lockheed,15,Неудовлетворительное,Пассажирский,376-76-7575,52
53,Boeing,42,Идеальное,Пассажирский,386-48-4447,53
54,Lockheed,6,Неудовлетворительное,Пассажирский,246-75-2992,54
55,Airbus,37,Идеальное,Грузовой,437-45-6906,55
56,Airbus,78,Идеальное,Грузовой,524-44-3415,56
57,ОАК,89,Неудовлетворительное,Грузовой,444-47-1985,57
58,Boeing,13,Неудовлетворительное,Грузовой,509-54-2678,58
59,Туполев,26,Удовлетворительное,Пассажирский,330-88-2267,59
60,Туполев,16,Удовлетворительное,Грузовой,386-63-8038,60
61,Kawasaki,82,Идеальное,Грузовой,337-79-8526,61
62,Boeing,71,Неудовлетворительное,Грузовой,470-47-4344,62
63,Kawasaki,80,Неудовлетворительное,Грузовой,193-33-6292,63
64,Туполев,77,Удовлетворительное,Пассажирский,108-41-6312,64
65,ОАК,24,Хорошее,Пассажирский,703-75-6425,65
66,Boeing,37,Идеальное,Пассажирский,566-48-1201,66
67,Boeing,12,Неудовлетворительное,Грузовой,213-29-3697,67
68,Boeing,80,Идеальное,Грузовой,519-88-6529,68
69,Airbus,24,Неудовлетворительное,Грузовой,108-98-4125,69
70,Lockheed,63,Идеальное,Пассажирский,406-63-7452,70
71,Kawasaki,87,Неудовлетворительное,Грузовой,835-90-5441,71
72,Airbus,9,Неудовлетворительное,Грузовой,593-72-8275,72
73,Boeing,86,Хорошее,Грузовой,710-97-5954,73
74,Туполев,4,Ну такое,Пассажирский,864-51-2302,74
75,Boeing,65,Неудовлетворительное,Пассажирский,719-10-6508,75
76,Lockheed,35,Неудовлетворительное,Пассажирский,843-03-8647,76
77,ОАК,6,Ну такое,Пассажирский,128-82-0315,77
78,Airbus,90,Идеальное,Пассажирский,195-15-1834,78
79,Туполев,2,Хорошее,Грузовой,735-68-3284,79
80,Lockheed,5,Неудовлетворительное,Пассажирский,127-89-8051,80
81,Lockheed,67,Удовлетворительное,Грузовой,544-17-8765,81
82,Airbus,52,Ну такое,Грузовой,570-09-4537,82
83,Airbus,12,Удовлетворительное,Грузовой,178-01-0280,83
84,Kawasaki,33,Удовлетворительное,Пассажирский,249-78-0763,84
85,ОАК,75,Неудовлетворительное,Грузовой,772-41-0126,85
86,ОАК,69,Удовлетворительное,Грузовой,118-12-5767,86
87,Туполев,6,Идеальное,Грузовой,386-71-4812,87
88,ОАК,98,Идеальное,Грузовой,195-98-3220,88
89,ОАК,82,Идеальное,Грузовой,381-56-7411,89
90,ОАК,26,Ну такое,Пассажирский,186-38-4856,90
91,Airbus,22,Ну такое,Пассажирский,352-09-9384,91
92,Kawasaki,80,Идеальное,Грузовой,449-62-9816,92
93,Lockheed,65,Неудовлетворительное,Грузовой,736-40-5430,93
94,Lockheed,54,Ну такое,Грузовой,885-44-6294,94
95,Lockheed,42,Неудовлетворительное,Пассажирский,179-68-5338,95
96,Airbus,21,Удовлетворительное,Пассажирский,487-77-4952,96
97,ОАК,43,Удовлетворительное,Грузовой,689-73-6825,97
98,Lockheed,25,Неудовлетворительное,Пассажирский,600-08-8677,98
99,Boeing,32,Удовлетворительное,Пассажирский,581-41-7717,99
100,Airbus,29,Хорошее,Грузовой,540-11-0656,100
101,ОАК,36,Ну такое,Грузовой,515-42-7640,101
102,Kawasaki,73,Неудовлетворительное,Грузовой,322-53-4406,102
103,Airbus,27,Идеальное,Грузовой,503-85-8858,103
104,Туполев,34,Неудовлетворительное,Грузовой,488-22-1655,104
105,Lockheed,17,Неудовлетворительное,Пассажирский,466-75-3398,105
106,Туполев,99,Удовлетворительное,Грузовой,526-82-4051,106
107,Kawasaki,76,Удовлетворительное,Грузовой,275-17-5439,107
108,Kawasaki,96,Удовлетворительное,Пассажирский,259-11-6336,108
109,Boeing,93,Удовлетворительное,Пассажирский,677-47-5845,109
110,Lockheed,52,Идеальное,Грузовой,179-61-9643,110
111,Kawasaki,60,Хорошее,Грузовой,667-69-9328,111
112,Boeing,100,Идеальное,Пассажирский,180-96-3911,112
113,ОАК,17,Хорошее,Пассажирский,750-12-5766,113
114,Kawasaki,9,Неудовлетворительное,Грузовой,274-16-6843,114
115,Kawasaki,57,Ну такое,Пассажирский,387-49-3130,115
116,ОАК,29,Идеальное,Пассажирский,596-15-0952,116
117,Kawasaki,25,Идеальное,Пассажирский,643-70-4078,117
118,Lockheed,88,Ну такое,Пассажирский,447-73-1803,118
119,Boeing,50,Идеальное,Грузовой,368-90-1599,119
120,Boeing,32,Ну такое,Пассажирский,898-99-1260,120
121,Lockheed,0,Удовлетворительное,Пассажирский,883-34-4525,121
122,Boeing,85,Неудовлетворительное,Грузовой,236-71-3121,122
123,Туполев,61,Хорошее,Грузовой,142-50-2235,123
124,Lockheed,79,Удовлетворительное,Грузовой,711-84-6636,124
125,Airbus,83,Ну такое,Грузовой,635-71-7084,125
126,Boeing,4,Хорошее,Грузовой,133-25-1188,126
127,ОАК,35,Неудовлетворительное,Пассажирский,155-09-0979,127
128,Lockheed,36,Ну такое,Грузовой,806-05-0198,128
129,Lockheed,27,Удовлетворительное,Пассажирский,891-55-2246,129
130,Туполев,75,Неудовлетворительное,Пассажирский,223-80-4912,130
131,Туполев,100,Ну такое,Пассажирский,686-16-7728,131
132,Туполев,48,Хорошее,Грузовой,405-62-3672,132
133,Airbus,75,Неудовлетворительное,Пассажирский,899-40-2246,133
134,ОАК,46,Удовлетворительное,Грузовой,282-83-3543,134
135,ОАК,68,Удовлетворительное,Пассажирский,551-78-9757,135
136,Boeing,83,Идеальное,Пассажирский,224-26-4158,136
137,Kawasaki,9,Идеальное,Грузовой,695-69-0188,137
138,Airbus,5,Ну такое,Пассажирский,551-90-5174,138
139,ОАК,34,Неудовлетворительное,Пассажирский,213-62-0566,139
140,Airbus,82,Хорошее,Грузовой,132-77-2226,140
141,Туполев,2,Неудовлетворительное,Пассажирский,818-53-0062,141
142,Lockheed,68,Хорошее,Пассажирский,423-03-5759,142
143,Туполев,21,Хорошее,Пассажирский,590-21-3676,143
144,Boeing,37,Идеальное,Грузовой,164-55-2461,144
145,Туполев,73,Неудовлетворительное,Грузовой,257-63-4506,145
146,Lockheed,2,Неудовлетворительное,Пассажирский,320-64-7807,146
147,Airbus,59,Неудовлетворительное,Пассажирский,685-22-3793,147
148,Kawasaki,39,Удовлетворительное,Грузовой,230-30-7051,148
149,Lockheed,20,Идеальное,Грузовой,826-25-8817,149
150,Туполев,44,Ну такое,Пассажирский,207-87-9616,150
151,Airbus,3,Неудовлетворительное,Грузовой,810-12-2263,151
152,Lockheed,82,Идеальное,Пассажирский,177-89-7458,152
153,Airbus,53,Неудовлетворительное,Грузовой,198-63-1760,153
154,Lockheed,82,Удовлетворительное,Пассажирский,812-76-0126,154
155,Туполев,84,Ну такое,Пассажирский,565-93-1369,155
156,Lockheed,63,Идеальное,Пассажирский,579-84-8198,156
157,Boeing,43,Хорошее,Грузовой,493-39-1688,157
158,Lockheed,88,Неудовлетворительное,Грузовой,460-15-0309,158
159,Airbus,60,Хорошее,Пассажирский,266-71-2167,159
160,Boeing,94,Удовлетворительное,Грузовой,580-30-4118,160
161,Boeing,25,Удовлетворительное,Грузовой,515-83-2972,161
162,Boeing,1,Неудовлетворительное,Грузовой,522-27-0786,162
163,Туполев,85,Удовлетворительное,Пассажирский,102-92-9008,163
164,Boeing,3,Идеальное,Пассажирский,239-91-2131,164
165,Туполев,27,Ну такое,Грузовой,661-53-6005,165
166,Kawasaki,20,Удовлетворительное,Грузовой,822-06-3713,166
167,Lockheed,87,Хорошее,Грузовой,543-02-7398,167
168,Airbus,50,Идеальное,Пассажирский,644-21-2526,168
169,Lockheed,74,Ну такое,Пассажирский,854-37-8570,169
170,Lockheed,81,Неудовлетворительное,Грузовой,323-35-3964,170
171,Lockheed,12,Удовлетворительное,Грузовой,433-41-0856,171
172,Boeing,64,Неудовлетворительное,Пассажирский,626-90-3956,172
173,Kawasaki,76,Ну такое,Пассажирский,888-63-8998,173
174,Airbus,80,Неудовлетворительное,Грузовой,541-99-8015,174
175,Boeing,18,Хорошее,Пассажирский,576-62-9256,175
176,Kawasaki,49,Неудовлетворительное,Грузовой,108-72-1147,176
177,Lockheed,42,Удовлетворительное,Грузовой,344-41-7158,177
178,Kawasaki,79,Неудовлетворительное,Грузовой,701-94-6144,178
179,ОАК,4,Ну такое,Пассажирский,102-24-5357,179
180,Kawasaki,73,Идеальное,Пассажирский,514-77-6133,180
181,Boeing,73,Идеальное,Грузовой,436-60-0247,181
182,Boeing,52,Хорошее,Грузовой,424-01-9139,182
183,Kawasaki,9,Неудовлетворительное,Пассажирский,838-07-5994,183
184,Boeing,3,Идеальное,Грузовой,769-36-8390,184
185,ОАК,45,Ну такое,Пассажирский,778-88-2718,185
186,Туполев,40,Идеальное,Грузовой,630-23-2190,186
187,Туполев,57,Неудовлетворительное,Пассажирский,348-79-2237,187
188,Kawasaki,34,Идеальное,Грузовой,425-46-2580,188
189,Kawasaki,100,Неудовлетворительное,Грузовой,765-91-8690,189
190,Lockheed,49,Ну такое,Пассажирский,620-44-5597,190
191,Туполев,29,Ну такое,Грузовой,368-93-4203,191
192,Туполев,96,Неудовлетворительное,Грузовой,503-24-8670,192
193,Airbus,29,Хорошее,Пассажирский,860-84-7680,193
194,Kawasaki,42,Идеальное,Грузовой,288-08-4949,194
195,Boeing,40,Неудовлетворительное,Пассажирский,371-34-5724,195
196,Boeing,86,Удовлетворительное,Грузовой,252-61-1963,196
197,Kawasaki,10,Удовлетворительное,Пассажирский,381-42-4206,197
198,Туполев,28,Идеальное,Пассажирский,895-51-0167,198
199,Airbus,51,Ну такое,Грузовой,621-64-5523,199
200,ОАК,36,Удовлетворительное,Грузовой,761-31-1852,200
201,Туполев,94,Идеальное,Пассажирский,672-10-9200,201
202,Туполев,72,Удовлетворительное,Пассажирский,313-39-5538,202
203,Kawasaki,42,Неудовлетворительное,Грузовой,467-58-8627,203
204,ОАК,42,Хорошее,Грузовой,354-32-7377,204
205,ОАК,65,Неудовлетворительное,Пассажирский,374-66-2550,205
206,Lockheed,49,Удовлетворительное,Грузовой,521-62-0950,206
207,ОАК,96,Идеальное,Грузовой,305-84-4417,207
208,Boeing,100,Неудовлетворительное,Пассажирский,755-49-1834,208
209,Boeing,40,Удовлетворительное,Грузовой,307-20-5791,209
210,ОАК,50,Ну такое,Грузовой,311-07-1107,210
211,Lockheed,1,Ну такое,Пассажирский,715-45-8939,211
212,Kawasaki,82,Неудовлетворительное,Пассажирский,405-09-9511,212
213,Boeing,45,Идеальное,Грузовой,360-02-9804,213
214,Туполев,70,Идеальное,Пассажирский,290-08-6074,214
215,Airbus,94,Идеальное,Грузовой,138-40-5277,215
216,Туполев,7,Идеальное,Грузовой,529-01-2226,216
217,Boeing,69,Ну такое,Пассажирский,836-97-6825,217
218,Airbus,76,Ну такое,Пассажирский,623-85-8600,218
219,Lockheed,39,Удовлетворительное,Грузовой,828-80-9932,219
220,Kawasaki,39,Идеальное,Пассажирский,199-63-1182,220
221,Boeing,74,Удовлетворительное,Грузовой,330-70-4354,221
222,Туполев,56,Удовлетворительное,Грузовой,163-78-0961,222
223,Kawasaki,20,Идеальное,Грузовой,669-67-6517,223
224,Airbus,91,Хорошее,Грузовой,405-99-9636,224
225,ОАК,4,Неудовлетворительное,Пассажирский,399-60-3682,225
226,Lockheed,99,Неудовлетворительное,Пассажирский,856-38-9590,226
227,Boeing,54,Ну такое,Грузовой,631-92-8597,227
228,Kawasaki,5,Хорошее,Пассажирский,124-87-4102,228
229,ОАК,60,Идеальное,Пассажирский,544-78-0282,229
230,Airbus,57,Неудовлетворительное,Грузовой,290-84-5402,230
231,Kawasaki,63,Неудовлетворительное,Грузовой,866-60-6641,231
232,Туполев,22,Идеальное,Грузовой,551-75-3026,232
233,Lockheed,91,Хорошее,Грузовой,134-32-5054,233
234,Airbus,79,Ну такое,Грузовой,235-79-5345,234
235,ОАК,53,Идеальное,Грузовой,893-40-4753,235
236,Airbus,47,Идеальное,Грузовой,242-55-7169,236
237,Boeing,71,Удовлетворительное,Пассажирский,594-15-5257,237
238,Boeing,100,Хорошее,Грузовой,188-15-2341,238
239,Туполев,3,Удовлетворительное,Грузовой,708-82-3014,239
240,Airbus,53,Удовлетворительное,Пассажирский,851-79-8329,240
241,Airbus,35,Ну такое,Пассажирский,447-74-6490,241
242,Boeing,5,Ну такое,Грузовой,789-36-5985,242
243,ОАК,40,Ну такое,Пассажирский,674-95-8445,243
244,ОАК,34,Ну такое,Пассажирский,730-64-4378,244
245,Boeing,19,Неудовлетворительное,Грузовой,308-58-8590,245
246,Lockheed,0,Хорошее,Пассажирский,303-38-8387,246
247,Туполев,0,Хорошее,Пассажирский,864-29-1864,247
248,Kawasaki,13,Удовлетворительное,Грузовой,106-37-6986,248
249,Lockheed,48,Неудовлетворительное,Грузовой,832-24-7370,249
250,Kawasaki,80,Хорошее,Грузовой,141-18-1318,250
251,ОАК,23,Удовлетворительное,Пассажирский,110-58-1272,251
252,ОАК,37,Удовлетворительное,Грузовой,852-57-3254,252
253,ОАК,96,Удовлетворительное,Грузовой,415-45-6458,253
254,Туполев,90,Идеальное,Пассажирский,493-67-9496,254
255,ОАК,73,Неудовлетворительное,Пассажирский,710-88-3982,255
256,Kawasaki,98,Хорошее,Пассажирский,350-11-7805,256
257,Airbus,100,Хорошее,Пассажирский,266-25-0431,257
258,Туполев,27,Неудовлетворительное,Грузовой,638-55-5902,258
259,Boeing,60,Хорошее,Пассажирский,548-06-4681,259
260,Boeing,3,Идеальное,Грузовой,505-54-7271,260
261,Туполев,74,Ну такое,Грузовой,622-77-6457,261
262,ОАК,87,Хорошее,Пассажирский,517-99-7229,262
263,Boeing,91,Неудовлетворительное,Пассажирский,200-48-9797,263
264,Туполев,20,Неудовлетворительное,Пассажирский,312-64-9291,264
265,Lockheed,93,Неудовлетворительное,Грузовой,373-10-3536,265
266,Boeing,87,Хорошее,Грузовой,213-46-0782,266
267,Airbus,68,Хорошее,Грузовой,596-86-3935,267
268,ОАК,88,Неудовлетворительное,Грузовой,225-92-7449,268
269,Туполев,68,Идеальное,Пассажирский,305-29-6262,269
270,Lockheed,70,Идеальное,Пассажирский,317-88-8238,270
271,Lockheed,59,Неудовлетворительное,Пассажирский,635-20-8953,271
272,Airbus,32,Неудовлетворительное,Грузовой,645-83-9583,272
273,Boeing,65,Хорошее,Грузовой,413-18-2901,273
274,Lockheed,59,Ну такое,Пассажирский,851-78-7496,274
275,Kawasaki,77,Неудовлетворительное,Грузовой,527-42-9849,275
276,Airbus,47,Ну такое,Пассажирский,273-84-7005,276
277,ОАК,29,Неудовлетворительное,Пассажирский,723-67-9987,277
278,Lockheed,94,Хорошее,Пассажирский,260-51-1700,278
279,Boeing,9,Хорошее,Пассажирский,773-23-8112,279
280,Boeing,11,Идеальное,Грузовой,775-76-8057,280
281,ОАК,96,Ну такое,Пассажирский,191-50-1783,281
282,ОАК,58,Неудовлетворительное,Грузовой,437-43-7102,282
283,Airbus,56,Неудовлетворительное,Пассажирский,826-73-0761,283
284,Boeing,39,Ну такое,Грузовой,662-69-7535,284
285,Boeing,6,Удовлетворительное,Пассажирский,709-25-6531,285
286,Lockheed,54,Неудовлетворительное,Пассажирский,355-31-7298,286
287,Airbus,1,Удовлетворительное,Грузовой,679-82-7136,287
288,Boeing,84,Хорошее,Грузовой,843-62-3229,288
289,Airbus,53,Удовлетворительное,Грузовой,334-83-0173,289
290,Lockheed,10,Неудовлетворительное,Пассажирский,519-08-5386,290
291,ОАК,9,Ну такое,Грузовой,387-45-9498,291
292,Boeing,90,Ну такое,Грузовой,842-88-1413,292
293,Boeing,79,Идеальное,Грузовой,493-39-0989,293
294,Lockheed,23,Ну такое,Пассажирский,622-22-4637,294
295,Туполев,20,Хорошее,Грузовой,811-20-9508,295
296,Airbus,28,Удовлетворительное,Грузовой,640-17-7820,296
297,ОАК,67,Хорошее,Пассажирский,614-82-5223,297
298,Boeing,69,Удовлетворительное,Грузовой,302-05-0370,298
299,ОАК,56,Ну такое,Грузовой,803-46-8569,299
300,Lockheed,80,Ну такое,Пассажирский,707-15-1600,300
301,Airbus,60,Неудовлетворительное,Пассажирский,538-57-0531,301
302,Airbus,82,Идеальное,Пассажирский,446-75-9634,302
303,Туполев,30,Ну такое,Грузовой,682-47-7250,303
304,Lockheed,33,Идеальное,Грузовой,822-86-8471,304
305,Lockheed,29,Неудовлетворительное,Грузовой,556-10-8488,305
306,Kawasaki,82,Ну такое,Пассажирский,829-79-2850,306
307,ОАК,60,Ну такое,Грузовой,155-28-5985,307
308,Airbus,95,Удовлетворительное,Грузовой,142-99-4179,308
309,Boeing,64,Хорошее,Грузовой,533-88-4071,309
310,ОАК,89,Идеальное,Пассажирский,195-85-8792,310
311,Kawasaki,11,Ну такое,Грузовой,744-22-8320,311
312,Туполев,20,Удовлетворительное,Пассажирский,122-97-7289,312
313,Lockheed,69,Неудовлетворительное,Грузовой,496-61-4850,313
314,Airbus,61,Хорошее,Пассажирский,838-94-6551,314
315,Kawasaki,35,Идеальное,Пассажирский,434-89-3811,315
316,Boeing,52,Ну такое,Грузовой,346-48-1110,316
317,Kawasaki,43,Неудовлетворительное,Грузовой,623-50-5748,317
318,Boeing,10,Удовлетворительное,Грузовой,775-58-4706,318
319,ОАК,4,Удовлетворительное,Грузовой,424-20-2035,319
320,Lockheed,3,Идеальное,Пассажирский,125-74-7197,320
321,Туполев,94,Неудовлетворительное,Пассажирский,776-17-3504,321
322,ОАК,95,Идеальное,Грузовой,182-80-6651,322
323,Boeing,68,Идеальное,Грузовой,541-67-7641,323
324,Boeing,54,Удовлетворительное,Пассажирский,486-58-8109,324
325,Туполев,52,Идеальное,Пассажирский,327-94-4072,325
326,Kawasaki,94,Неудовлетворительное,Грузовой,423-78-4013,326
327,Туполев,51,Ну такое,Пассажирский,588-08-5189,327
328,Kawasaki,49,Неудовлетворительное,Пассажирский,868-70-5543,328
329,Туполев,76,Удовлетворительное,Пассажирский,723-21-2181,329
330,Boeing,30,Неудовлетворительное,Пассажирский,534-99-2801,330
331,Kawasaki,98,Идеальное,Грузовой,737-36-5659,331
332,Airbus,93,Хорошее,Пассажирский,147-26-9605,332
333,Lockheed,72,Ну такое,Пассажирский,197-13-1148,333
334,Boeing,81,Хорошее,Грузовой,119-66-8714,334
335,Boeing,11,Хорошее,Грузовой,885-42-4663,335
336,Туполев,22,Неудовлетворительное,Пассажирский,114-89-9982,336
337,Boeing,78,Хорошее,Грузовой,594-02-7301,337
338,Kawasaki,0,Удовлетворительное,Пассажирский,400-70-6100,338
339,ОАК,7,Удовлетворительное,Грузовой,883-91-3062,339
340,ОАК,33,Хорошее,Грузовой,884-88-6552,340
341,Lockheed,99,Хорошее,Грузовой,258-93-7419,341
342,Airbus,35,Ну такое,Пассажирский,865-77-5852,342
343,Kawasaki,80,Хорошее,Пассажирский,460-49-5684,343
344,ОАК,65,Удовлетворительное,Пассажирский,501-56-7751,344
345,Airbus,2,Идеальное,Грузовой,239-36-6553,345
346,Boeing,27,Неудовлетворительное,Грузовой,727-57-5556,346
347,ОАК,80,Идеальное,Пассажирский,395-95-3772,347
348,Airbus,81,Ну такое,Грузовой,571-91-4609,348
349,Lockheed,62,Хорошее,Грузовой,761-52-5711,349
350,Boeing,64,Удовлетворительное,Пассажирский,619-74-7327,350
351,Туполев,27,Ну такое,Пассажирский,200-59-1854,351
352,Airbus,4,Хорошее,Пассажирский,814-80-7804,352
353,ОАК,74,Идеальное,Грузовой,552-29-8526,353
354,Kawasaki,37,Идеальное,Пассажирский,140-23-9563,354
355,Airbus,86,Удовлетворительное,Пассажирский,232-21-1132,355
356,Boeing,40,Хорошее,Грузовой,606-03-9089,356
357,Туполев,71,Хорошее,Грузовой,216-21-6394,357
358,ОАК,52,Идеальное,Пассажирский,356-60-9516,358
359,ОАК,21,Ну такое,Грузовой,255-56-8463,359
360,Туполев,94,Ну такое,Пассажирский,687-78-1202,360
361,Lockheed,24,Удовлетворительное,Пассажирский,874-08-7109,361
362,ОАК,67,Неудовлетворительное,Грузовой,833-89-4761,362
363,Kawasaki,4,Неудовлетворительное,Грузовой,477-89-3172,363
364,Airbus,16,Хорошее,Грузовой,778-87-9088,364
365,Kawasaki,82,Идеальное,Пассажирский,543-20-8262,365
366,Airbus,94,Удовлетворительное,Пассажирский,429-31-8419,366
367,Lockheed,61,Неудовлетворительное,Пассажирский,708-84-9563,367
368,ОАК,30,Хорошее,Грузовой,278-21-5815,368
369,Boeing,72,Удовлетворительное,Грузовой,643-11-8819,369
370,Туполев,5,Идеальное,Грузовой,582-11-8004,370
371,Lockheed,20,Ну такое,Грузовой,303-91-5730,371
372,Kawasaki,24,Идеальное,Пассажирский,858-44-1018,372
373,Kawasaki,88,Ну такое,Пассажирский,628-10-8346,373
374,Kawasaki,42,Неудовлетворительное,Пассажирский,627-61-4499,374
375,Kawasaki,87,Идеальное,Грузовой,654-02-4468,375
376,Airbus,68,Удовлетворительное,Грузовой,520-30-6924,376
377,Туполев,14,Неудовлетворительное,Грузовой,155-42-2551,377
378,Lockheed,57,Хорошее,Грузовой,116-69-2567,378
379,Kawasaki,8,Идеальное,Пассажирский,505-78-8705,379
380,Lockheed,63,Удовлетворительное,Пассажирский,284-89-8048,380
381,Lockheed,28,Неудовлетворительное,Грузовой,300-69-1759,381
382,Airbus,90,Хорошее,Грузовой,586-43-2296,382
383,Туполев,75,Идеальное,Грузовой,278-32-9066,383
384,Туполев,96,Идеальное,Пассажирский,291-78-7656,384
385,Airbus,43,Удовлетворительное,Грузовой,174-38-7900,385
386,Lockheed,78,Ну такое,Грузовой,536-77-5462,386
387,Lockheed,34,Идеальное,Пассажирский,369-44-3691,387
388,Туполев,93,Хорошее,Пассажирский,668-91-2586,388
389,ОАК,40,Неудовлетворительное,Грузовой,220-86-2602,389
390,ОАК,29,Ну такое,Грузовой,680-60-2721,390
391,Туполев,4,Идеальное,Пассажирский,871-62-2502,391
392,ОАК,23,Идеальное,Грузовой,655-65-1444,392
393,Lockheed,83,Неудовлетворительное,Пассажирский,469-73-1095,393
394,Lockheed,11,Ну такое,Пассажирский,327-66-2697,394
395,Airbus,21,Неудовлетворительное,Грузовой,221-36-2710,395
396,Boeing,96,Неудовлетворительное,Пассажирский,196-40-7223,396
397,Lockheed,66,Хорошее,Пассажирский,715-41-3186,397
398,Boeing,7,Неудовлетворительное,Пассажирский,160-03-6477,398
399,ОАК,19,Удовлетворительное,Грузовой,376-82-8023,399
400,ОАК,61,Хорошее,Грузовой,447-34-3588,400
401,Туполев,39,Ну такое,Пассажирский,549-23-5239,401
402,ОАК,12,Удовлетворительное,Грузовой,603-78-2339,402
403,Туполев,12,Неудовлетворительное,Пассажирский,148-20-9205,403
404,Airbus,33,Неудовлетворительное,Пассажирский,382-76-6856,404
405,Boeing,87,Хорошее,Грузовой,356-61-6608,405
406,Boeing,64,Ну такое,Пассажирский,628-04-4240,406
407,Boeing,53,Ну такое,Грузовой,360-80-4189,407
408,Boeing,31,Удовлетворительное,Грузовой,285-80-1720,408
409,Lockheed,36,Неудовлетворительное,Грузовой,353-23-7583,409
410,Kawasaki,59,Удовлетворительное,Пассажирский,206-81-1060,410
411,Lockheed,57,Удовлетворительное,Грузовой,621-53-8309,411
412,Boeing,5,Удовлетворительное,Грузовой,263-99-7789,412
413,Туполев,86,Неудовлетворительное,Грузовой,626-66-4563,413
414,Kawasaki,74,Неудовлетворительное,Пассажирский,653-34-7385,414
415,Airbus,44,Удовлетворительное,Грузовой,566-26-5588,415
416,Туполев,93,Ну такое,Грузовой,189-76-4190,416
417,Kawasaki,17,Идеальное,Грузовой,485-37-9216,417
418,Boeing,56,Ну такое,Грузовой,674-90-3428,418
419,Туполев,34,Ну такое,Пассажирский,610-88-6487,419
420,Kawasaki,41,Идеальное,Пассажирский,357-23-9519,420
421,ОАК,37,Хорошее,Грузовой,265-46-9809,421
422,Туполев,76,Идеальное,Грузовой,317-08-4944,422
423,Туполев,34,Хорошее,Грузовой,828-09-6779,423
424,Airbus,28,Ну такое,Пассажирский,306-26-8342,424
425,Туполев,70,Ну такое,Пассажирский,614-80-6582,425
426,Kawasaki,64,Ну такое,Пассажирский,237-45-8447,426
427,Airbus,79,Неудовлетворительное,Грузовой,848-88-4636,427
428,Kawasaki,17,Неудовлетворительное,Пассажирский,588-01-6984,428
429,Airbus,61,Удовлетворительное,Пассажирский,723-09-7496,429
430,Boeing,10,Неудовлетворительное,Грузовой,690-58-7293,430
431,ОАК,78,Хорошее,Пассажирский,739-30-6726,431
432,Kawasaki,11,Хорошее,Грузовой,215-17-3661,432
433,Туполев,52,Ну такое,Пассажирский,544-86-5882,433
434,Boeing,15,Удовлетворительное,Пассажирский,535-76-8607,434
435,Boeing,98,Хорошее,Пассажирский,828-09-8395,435
436,Kawasaki,96,Идеальное,Пассажирский,338-13-7525,436
437,Туполев,93,Хорошее,Грузовой,346-24-7312,437
438,Kawasaki,73,Неудовлетворительное,Грузовой,528-57-2287,438
439,ОАК,89,Удовлетворительное,Пассажирский,251-55-5683,439
440,Kawasaki,0,Хорошее,Пассажирский,188-08-0381,440
441,Lockheed,65,Хорошее,Пассажирский,258-73-9053,441
442,Kawasaki,58,Удовлетворительное,Грузовой,826-61-5132,442
443,Kawasaki,6,Неудовлетворительное,Грузовой,534-95-8934,443
444,Туполев,27,Ну такое,Грузовой,807-80-0278,444
445,Туполев,69,Неудовлетворительное,Пассажирский,525-38-0794,445
446,Airbus,54,Ну такое,Грузовой,493-18-4692,446
447,Туполев,37,Хорошее,Пассажирский,808-71-1913,447
448,Lockheed,9,Идеальное,Грузовой,266-68-0138,448
449,Lockheed,100,Ну такое,Пассажирский,766-33-4255,449
450,Lockheed,8,Неудовлетворительное,Грузовой,116-42-7015,450
451,Туполев,2,Неудовлетворительное,Грузовой,753-37-8796,451
452,Туполев,21,Неудовлетворительное,Грузовой,359-52-7135,452
453,Kawasaki,21,Ну такое,Грузовой,247-91-0045,453
454,Boeing,61,Удовлетворительное,Пассажирский,556-96-0514,454
455,Airbus,36,Идеальное,Пассажирский,831-35-6734,455
456,Airbus,26,Ну такое,Пассажирский,734-45-0542,456
457,Airbus,77,Ну такое,Грузовой,844-92-3361,457
458,Туполев,80,Удовлетворительное,Грузовой,714-34-5301,458
459,Airbus,24,Хорошее,Грузовой,672-66-5780,459
460,Туполев,82,Хорошее,Пассажирский,214-76-2914,460
461,Boeing,95,Хорошее,Пассажирский,460-90-7102,461
462,Lockheed,12,Ну такое,Пассажирский,312-01-1336,462
463,Туполев,69,Неудовлетворительное,Грузовой,401-43-2998,463
464,Boeing,87,Удовлетворительное,Грузовой,525-47-8630,464
465,ОАК,39,Хорошее,Пассажирский,601-36-0111,465
466,Туполев,71,Ну такое,Грузовой,478-94-9410,466
467,Lockheed,97,Неудовлетворительное,Пассажирский,452-31-8927,467
468,Lockheed,75,Идеальное,Пассажирский,342-31-5742,468
469,Boeing,12,Идеальное,Пассажирский,411-14-0663,469
470,Airbus,100,Ну такое,Грузовой,755-44-7704,470
471,ОАК,1,Неудовлетворительное,Грузовой,671-67-3971,471
472,Airbus,78,Идеальное,Грузовой,184-85-4398,472
473,Airbus,96,Хорошее,Грузовой,748-58-5842,473
474,ОАК,46,Неудовлетворительное,Пассажирский,288-26-7765,474
475,Boeing,54,Неудовлетворительное,Грузовой,507-37-5305,475
476,ОАК,94,Хорошее,Грузовой,492-16-1013,476
477,Туполев,19,Хорошее,Грузовой,546-77-0860,477
478,Туполев,41,Ну такое,Пассажирский,164-06-0244,478
479,ОАК,38,Неудовлетворительное,Грузовой,145-69-9881,479
480,Airbus,83,Неудовлетворительное,Пассажирский,591-68-4297,480
481,Kawasaki,64,Хорошее,Пассажирский,509-97-0653,481
482,ОАК,63,Неудовлетворительное,Грузовой,382-35-2977,482
483,ОАК,21,Ну такое,Грузовой,257-97-6655,483
484,Kawasaki,33,Ну такое,Грузовой,737-18-4311,484
485,ОАК,11,Хорошее,Грузовой,263-20-4461,485
486,Kawasaki,93,Ну такое,Грузовой,156-73-5401,486
487,Lockheed,1,Неудовлетворительное,Грузовой,581-49-8456,487
488,ОАК,82,Ну такое,Пассажирский,590-36-1968,488
489,ОАК,29,Удовлетворительное,Грузовой,617-90-4545,489
490,Lockheed,60,Ну такое,Пассажирский,544-85-6489,490
491,Lockheed,52,Идеальное,Грузовой,195-10-3139,491
492,Kawasaki,85,Неудовлетворительное,Пассажирский,592-61-2770,492
493,Lockheed,17,Хорошее,Грузовой,750-44-8405,493
494,Lockheed,88,Хорошее,Пассажирский,487-15-2521,494
495,Airbus,45,Идеальное,Грузовой,136-06-9491,495
496,Lockheed,23,Идеальное,Пассажирский,798-21-7456,496
497,Airbus,95,Идеальное,Грузовой,751-83-6214,497
498,Airbus,49,Идеальное,Грузовой,835-55-7767,498
499,ОАК,78,Неудовлетворительное,Грузовой,383-86-2407,499
500,Lockheed,28,Неудовлетворительное,Грузовой,514-68-7355,500
501,Lockheed,49,Неудовлетворительное,Пассажирский,726-65-6638,501
502,Airbus,55,Неудовлетворительное,Грузовой,605-23-5072,502
503,Boeing,95,Ну такое,Пассажирский,471-90-6453,503
504,Kawasaki,74,Идеальное,Грузовой,687-89-4024,504
505,Lockheed,1,Хорошее,Пассажирский,793-36-0036,505
506,Airbus,14,Идеальное,Грузовой,483-51-0109,506
507,Airbus,6,Удовлетворительное,Пассажирский,714-03-3306,507
508,Туполев,86,Неудовлетворительное,Пассажирский,392-42-2235,508
509,Туполев,33,Ну такое,Пассажирский,697-48-5451,509
510,Туполев,74,Неудовлетворительное,Грузовой,660-24-2328,510
511,Airbus,59,Идеальное,Пассажирский,204-31-0027,511
512,Туполев,90,Идеальное,Пассажирский,683-52-5681,512
513,Kawasaki,6,Ну такое,Грузовой,771-38-5689,513
514,Airbus,6,Неудовлетворительное,Грузовой,547-50-6666,514
515,Lockheed,60,Идеальное,Грузовой,728-88-9076,515
516,Kawasaki,13,Хорошее,Грузовой,861-74-4988,516
517,Туполев,68,Удовлетворительное,Пассажирский,815-22-6743,517
518,Boeing,81,Ну такое,Грузовой,446-01-1924,518
519,ОАК,89,Хорошее,Пассажирский,613-53-3477,519
520,Lockheed,78,Ну такое,Грузовой,845-92-8882,520
521,Kawasaki,57,Идеальное,Грузовой,323-42-3919,521
522,Туполев,74,Ну такое,Пассажирский,818-74-9712,522
523,ОАК,71,Неудовлетворительное,Грузовой,371-17-5833,523
524,Lockheed,35,Идеальное,Грузовой,736-51-2368,524
525,Lockheed,90,Идеальное,Грузовой,609-58-9026,525
526,ОАК,34,Ну такое,Грузовой,200-72-2385,526
527,ОАК,93,Неудовлетворительное,Пассажирский,687-50-7215,527
528,Kawasaki,13,Идеальное,Пассажирский,650-81-2878,528
529,Туполев,14,Неудовлетворительное,Грузовой,353-65-5902,529
530,Airbus,25,Хорошее,Пассажирский,677-88-3601,530
531,Airbus,52,Ну такое,Пассажирский,161-24-5310,531
532,Туполев,10,Идеальное,Грузовой,786-16-2279,532
533,Airbus,21,Неудовлетворительное,Грузовой,881-59-5904,533
534,Boeing,47,Хорошее,Грузовой,117-04-6437,534
535,Туполев,72,Ну такое,Пассажирский,877-28-2258,535
536,Туполев,93,Неудовлетворительное,Пассажирский,170-53-5481,536
537,Boeing,66,Неудовлетворительное,Пассажирский,137-36-8152,537
538,Airbus,53,Неудовлетворительное,Пассажирский,892-50-0149,538
539,ОАК,31,Удовлетворительное,Грузовой,817-96-9536,539
540,Kawasaki,90,Ну такое,Пассажирский,752-83-0127,540
541,Туполев,62,Ну такое,Пассажирский,178-35-8430,541
542,Lockheed,45,Неудовлетворительное,Пассажирский,846-46-9179,542
543,ОАК,65,Удовлетворительное,Грузовой,851-04-9114,543
544,Туполев,81,Удовлетворительное,Грузовой,395-63-2493,544
545,Lockheed,42,Ну такое,Пассажирский,340-94-3435,545
546,Kawasaki,2,Ну такое,Пассажирский,585-69-2248,546
547,Туполев,45,Удовлетворительное,Грузовой,160-16-2022,547
548,Boeing,29,Хорошее,Грузовой,494-04-4507,548
549,Kawasaki,79,Хорошее,Пассажирский,616-61-4730,549
550,ОАК,66,Неудовлетворительное,Грузовой,356-90-5030,550
551,ОАК,77,Хорошее,Пассажирский,458-04-7031,551
552,Kawasaki,63,Удовлетворительное,Пассажирский,451-31-6675,552
553,Airbus,53,Ну такое,Грузовой,530-41-2319,553
554,Kawasaki,3,Хорошее,Пассажирский,798-51-9802,554
555,ОАК,19,Ну такое,Пассажирский,847-13-4464,555
556,Airbus,33,Неудовлетворительное,Грузовой,616-09-1392,556
557,Kawasaki,81,Ну такое,Пассажирский,505-83-9526,557
558,ОАК,13,Удовлетворительное,Пассажирский,494-91-3811,558
559,ОАК,79,Хорошее,Грузовой,116-61-8122,559
560,Lockheed,82,Ну такое,Пассажирский,541-42-2902,560
561,Kawasaki,32,Ну такое,Грузовой,773-07-6498,561
562,Lockheed,7,Удовлетворительное,Пассажирский,367-67-5555,562
563,ОАК,82,Хорошее,Пассажирский,885-25-4703,563
564,ОАК,39,Хорошее,Грузовой,336-12-6140,564
565,ОАК,97,Неудовлетворительное,Пассажирский,534-34-5684,565
566,Airbus,0,Неудовлетворительное,Пассажирский,425-64-7556,566
567,ОАК,36,Неудовлетворительное,Пассажирский,251-96-4303,567
568,Airbus,99,Ну такое,Грузовой,178-06-3059,568
569,Boeing,60,Идеальное,Грузовой,222-66-7020,569
570,ОАК,46,Удовлетворительное,Пассажирский,221-12-2677,570
571,Kawasaki,73,Хорошее,Грузовой,472-85-9068,571
572,ОАК,2,Неудовлетворительное,Пассажирский,207-76-2693,572
573,Boeing,71,Хорошее,Пассажирский,652-56-5272,573
574,Boeing,64,Неудовлетворительное,Пассажирский,393-25-4285,574
575,Туполев,49,Идеальное,Грузовой,598-67-7234,575
576,ОАК,23,Хорошее,Пассажирский,452-60-9477,576
577,Туполев,30,Удовлетворительное,Пассажирский,367-22-0577,577
578,Boeing,65,Ну такое,Грузовой,260-16-0690,578
579,Boeing,92,Хорошее,Грузовой,205-24-4691,579
580,Kawasaki,88,Ну такое,Пассажирский,163-95-4459,580
581,ОАК,62,Идеальное,Пассажирский,615-07-5830,581
582,Boeing,90,Хорошее,Грузовой,767-82-3216,582
583,Kawasaki,0,Идеальное,Грузовой,865-89-1466,583
584,Lockheed,25,Ну такое,Грузовой,390-14-1186,584
585,Kawasaki,96,Ну такое,Грузовой,836-42-4846,585
586,Airbus,50,Ну такое,Пассажирский,242-90-4501,586
587,Lockheed,84,Удовлетворительное,Грузовой,728-01-6249,587
588,ОАК,31,Идеальное,Пассажирский,525-90-7822,588
589,Airbus,99,Хорошее,Грузовой,770-67-0650,589
590,ОАК,14,Ну такое,Грузовой,835-67-0093,590
591,Туполев,87,Хорошее,Грузовой,401-90-1687,591
592,Kawasaki,18,Хорошее,Пассажирский,419-05-3400,592
593,Lockheed,61,Ну такое,Пассажирский,320-98-5975,593
594,Boeing,95,Неудовлетворительное,Пассажирский,860-13-7609,594
595,Туполев,81,Неудовлетворительное,Пассажирский,525-37-5959,595
596,ОАК,22,Идеальное,Грузовой,237-29-1225,596
597,Туполев,2,Хорошее,Грузовой,534-83-6194,597
598,Lockheed,80,Удовлетворительное,Грузовой,858-30-3508,598
599,Lockheed,70,Удовлетворительное,Пассажирский,396-53-4619,599
600,Туполев,80,Ну такое,Грузовой,365-27-6228,600
601,ОАК,64,Удовлетворительное,Грузовой,368-47-6335,601
602,Boeing,39,Неудовлетворительное,Пассажирский,646-76-7947,602
603,Kawasaki,1,Хорошее,Пассажирский,797-26-2581,603
604,Boeing,30,Неудовлетворительное,Грузовой,588-86-0376,604
605,Туполев,63,Хорошее,Грузовой,458-70-8184,605
606,Boeing,31,Удовлетворительное,Пассажирский,460-58-8128,606
607,Туполев,90,Идеальное,Пассажирский,191-01-8014,607
608,Lockheed,9,Ну такое,Грузовой,575-11-7688,608
609,Kawasaki,23,Неудовлетворительное,Пассажирский,140-39-4807,609
610,Boeing,21,Хорошее,Грузовой,856-47-1861,610
611,Kawasaki,1,Хорошее,Пассажирский,512-11-6330,611
612,Boeing,78,Хорошее,Грузовой,618-24-1383,612
613,Туполев,3,Хорошее,Грузовой,553-16-4634,613
614,Туполев,28,Идеальное,Грузовой,346-22-6662,614
615,Airbus,71,Ну такое,Грузовой,645-29-2714,615
616,Kawasaki,14,Идеальное,Грузовой,396-27-1801,616
617,Kawasaki,27,Удовлетворительное,Пассажирский,521-86-0437,617
618,Lockheed,20,Идеальное,Грузовой,637-67-2057,618
619,Kawasaki,46,Неудовлетворительное,Грузовой,838-05-1108,619
620,Lockheed,28,Идеальное,Грузовой,226-36-5463,620
621,ОАК,41,Идеальное,Пассажирский,875-67-8219,621
622,Boeing,3,Идеальное,Грузовой,652-57-6805,622
623,Boeing,66,Неудовлетворительное,Грузовой,321-09-1167,623
624,Lockheed,17,Идеальное,Грузовой,329-59-9792,624
625,Туполев,49,Идеальное,Пассажирский,163-89-0607,625
626,ОАК,62,Хорошее,Грузовой,321-33-8769,626
627,Kawasaki,27,Хорошее,Грузовой,353-83-5064,627
628,Boeing,73,Неудовлетворительное,Пассажирский,296-60-1252,628
629,Kawasaki,74,Ну такое,Грузовой,445-24-1980,629
630,Lockheed,88,Удовлетворительное,Грузовой,858-93-4303,630
631,Boeing,20,Идеальное,Грузовой,418-42-1395,631
632,Lockheed,31,Идеальное,Грузовой,847-68-6233,632
633,Kawasaki,8,Хорошее,Пассажирский,834-35-1105,633
634,Airbus,2,Идеальное,Грузовой,818-03-0671,634
635,Boeing,35,Неудовлетворительное,Пассажирский,564-19-3449,635
636,Туполев,16,Удовлетворительное,Пассажирский,688-19-9933,636
637,ОАК,59,Хорошее,Грузовой,196-14-2060,637
638,Airbus,29,Ну такое,Грузовой,483-20-3853,638
639,Lockheed,54,Ну такое,Грузовой,192-77-6772,639
640,ОАК,25,Ну такое,Пассажирский,515-70-1746,640
641,Kawasaki,3,Хорошее,Грузовой,255-07-3593,641
642,Kawasaki,58,Ну такое,Пассажирский,498-68-5724,642
643,Airbus,94,Удовлетворительное,Грузовой,127-03-5564,643
644,Boeing,64,Идеальное,Грузовой,755-24-8067,644
645,Lockheed,34,Идеальное,Грузовой,388-98-3133,645
646,ОАК,18,Неудовлетворительное,Пассажирский,796-44-4323,646
647,Airbus,7,Идеальное,Грузовой,572-14-7947,647
648,Kawasaki,64,Удовлетворительное,Грузовой,236-41-4083,648
649,Boeing,79,Идеальное,Грузовой,862-56-2533,649
650,Lockheed,4,Ну такое,Грузовой,723-49-3575,650
651,Туполев,35,Неудовлетворительное,Грузовой,529-64-1578,651
652,ОАК,60,Идеальное,Грузовой,237-21-1121,652
653,ОАК,21,Ну такое,Пассажирский,595-06-9445,653
654,Boeing,0,Ну такое,Пассажирский,202-69-9784,654
655,Lockheed,75,Неудовлетворительное,Грузовой,868-82-0011,655
656,Boeing,7,Удовлетворительное,Пассажирский,795-84-0534,656
657,Airbus,39,Неудовлетворительное,Грузовой,599-73-9209,657
658,Lockheed,33,Хорошее,Грузовой,347-49-3307,658
659,ОАК,93,Идеальное,Пассажирский,789-22-9242,659
660,ОАК,56,Неудовлетворительное,Грузовой,466-40-9867,660
661,Kawasaki,97,Удовлетворительное,Пассажирский,720-39-6516,661
662,Airbus,34,Удовлетворительное,Пассажирский,564-78-6355,662
663,Boeing,34,Хорошее,Пассажирский,160-85-3238,663
664,Lockheed,15,Неудовлетворительное,Грузовой,229-82-4478,664
665,ОАК,22,Удовлетворительное,Пассажирский,110-70-3641,665
666,Airbus,3,Хорошее,Пассажирский,395-23-0561,666
667,Airbus,57,Удовлетворительное,Пассажирский,181-87-8824,667
668,Туполев,19,Удовлетворительное,Пассажирский,134-26-5950,668
669,Kawasaki,45,Неудовлетворительное,Грузовой,820-65-8558,669
670,Kawasaki,93,Удовлетворительное,Пассажирский,136-46-2421,670
671,Boeing,22,Ну такое,Грузовой,797-55-7854,671
672,ОАК,53,Удовлетворительное,Грузовой,102-60-0559,672
673,Туполев,33,Идеальное,Грузовой,742-78-3874,673
674,Kawasaki,86,Ну такое,Грузовой,797-90-8103,674
675,Туполев,21,Хорошее,Пассажирский,153-26-2786,675
676,Boeing,73,Хорошее,Грузовой,742-24-8881,676
677,Туполев,0,Удовлетворительное,Грузовой,428-51-3513,677
678,Airbus,30,Неудовлетворительное,Пассажирский,292-21-1659,678
679,Lockheed,69,Ну такое,Пассажирский,686-46-7506,679
680,ОАК,17,Удовлетворительное,Пассажирский,372-29-6102,680
681,Lockheed,87,Ну такое,Грузовой,172-13-9070,681
682,Boeing,1,Удовлетворительное,Пассажирский,636-51-6169,682
683,Lockheed,5,Идеальное,Пассажирский,306-13-8705,683
684,Boeing,53,Ну такое,Грузовой,765-09-7585,684
685,Туполев,21,Идеальное,Грузовой,891-66-9242,685
686,Туполев,57,Идеальное,Пассажирский,733-70-8994,686
687,Airbus,41,Неудовлетворительное,Пассажирский,882-59-6468,687
688,Kawasaki,2,Ну такое,Пассажирский,631-89-1060,688
689,Boeing,10,Ну такое,Грузовой,679-96-6932,689
690,Kawasaki,7,Неудовлетворительное,Пассажирский,647-47-7578,690
691,Туполев,37,Неудовлетворительное,Грузовой,265-79-8647,691
692,Lockheed,48,Идеальное,Грузовой,529-15-6711,692
693,Airbus,90,Удовлетворительное,Пассажирский,469-89-4146,693
694,Airbus,73,Хорошее,Пассажирский,489-63-9226,694
695,Boeing,33,Неудовлетворительное,Грузовой,182-98-4205,695
696,Boeing,11,Хорошее,Пассажирский,647-38-5979,696
697,Lockheed,15,Ну такое,Пассажирский,368-26-7693,697
698,ОАК,93,Хорошее,Грузовой,148-87-0377,698
699,ОАК,45,Хорошее,Грузовой,701-08-1063,699
700,Boeing,99,Неудовлетворительное,Грузовой,112-40-0213,700
701,Kawasaki,85,Идеальное,Пассажирский,311-26-9425,701
702,ОАК,0,Идеальное,Грузовой,406-77-1799,702
703,ОАК,100,Неудовлетворительное,Пассажирский,831-32-7772,703
704,Туполев,91,Удовлетворительное,Грузовой,292-22-4737,704
705,Kawasaki,23,Хорошее,Грузовой,295-07-1909,705
706,Airbus,69,Ну такое,Пассажирский,780-46-8064,706
707,ОАК,89,Ну такое,Грузовой,717-93-1888,707
708,Туполев,63,Ну такое,Пассажирский,613-93-7984,708
709,ОАК,39,Ну такое,Пассажирский,834-95-4261,709
710,Lockheed,92,Удовлетворительное,Грузовой,430-20-4856,710
711,Lockheed,53,Ну такое,Пассажирский,649-84-2532,711
712,Kawasaki,71,Удовлетворительное,Грузовой,294-24-6142,712
713,Kawasaki,74,Хорошее,Грузовой,777-76-2378,713
714,Boeing,61,Ну такое,Пассажирский,897-46-9306,714
715,Airbus,63,Ну такое,Грузовой,637-96-5098,715
716,Туполев,44,Хорошее,Пассажирский,130-09-6169,716
717,Туполев,82,Идеальное,Пассажирский,692-41-1837,717
718,Airbus,93,Идеальное,Грузовой,414-86-2430,718
719,Airbus,15,Хорошее,Грузовой,378-27-4640,719
720,Kawasaki,18,Ну такое,Грузовой,433-47-7642,720
721,Туполев,17,Ну такое,Пассажирский,895-06-6239,721
722,Airbus,24,Удовлетворительное,Пассажирский,518-90-4350,722
723,Lockheed,57,Неудовлетворительное,Пассажирский,620-81-6300,723
724,Kawasaki,88,Удовлетворительное,Пассажирский,710-62-0818,724
725,Туполев,33,Удовлетворительное,Грузовой,450-27-3223,725
726,Туполев,43,Хорошее,Пассажирский,850-10-6420,726
727,Туполев,65,Неудовлетворительное,Грузовой,770-76-2135,727
728,Airbus,98,Ну такое,Грузовой,393-44-5161,728
729,Kawasaki,20,Идеальное,Пассажирский,207-61-3280,729
730,Kawasaki,13,Удовлетворительное,Грузовой,428-16-7329,730
731,ОАК,39,Неудовлетворительное,Пассажирский,130-81-1071,731
732,Kawasaki,83,Неудовлетворительное,Грузовой,446-29-1014,732
733,Туполев,90,Удовлетворительное,Грузовой,215-87-5174,733
734,Lockheed,86,Неудовлетворительное,Пассажирский,330-68-6603,734
735,Lockheed,4,Ну такое,Пассажирский,627-39-3599,735
736,Lockheed,73,Хорошее,Пассажирский,392-01-5491,736
737,Airbus,89,Удовлетворительное,Грузовой,608-48-4236,737
738,ОАК,13,Хорошее,Пассажирский,291-72-3426,738
739,Airbus,58,Идеальное,Пассажирский,215-72-7495,739
740,Kawasaki,4,Неудовлетворительное,Грузовой,732-61-1820,740
741,ОАК,66,Удовлетворительное,Грузовой,602-97-0065,741
742,ОАК,16,Ну такое,Грузовой,243-38-5289,742
743,Airbus,41,Хорошее,Пассажирский,637-14-1670,743
744,Boeing,37,Удовлетворительное,Пассажирский,577-75-8809,744
745,ОАК,14,Удовлетворительное,Пассажирский,435-60-2883,745
746,Airbus,5,Удовлетворительное,Грузовой,568-48-5576,746
747,Lockheed,46,Хорошее,Пассажирский,170-32-3635,747
748,Boeing,62,Неудовлетворительное,Грузовой,156-05-9122,748
749,ОАК,99,Удовлетворительное,Грузовой,535-49-1234,749
750,ОАК,75,Идеальное,Пассажирский,428-92-7586,750
751,Kawasaki,2,Ну такое,Грузовой,501-95-6544,751
752,Туполев,28,Неудовлетворительное,Пассажирский,233-11-7041,752
753,Lockheed,22,Идеальное,Пассажирский,408-88-3157,753
754,Lockheed,5,Неудовлетворительное,Грузовой,512-13-5451,754
755,Kawasaki,86,Хорошее,Пассажирский,346-32-7831,755
756,Туполев,3,Неудовлетворительное,Грузовой,107-84-7606,756
757,Boeing,93,Идеальное,Грузовой,613-82-7966,757
758,Туполев,55,Неудовлетворительное,Грузовой,106-74-8639,758
759,Kawasaki,0,Идеальное,Пассажирский,195-37-8400,759
760,Туполев,95,Удовлетворительное,Грузовой,423-80-5980,760
761,Туполев,25,Хорошее,Пассажирский,775-75-0495,761
762,Туполев,14,Идеальное,Грузовой,413-51-2671,762
763,ОАК,72,Удовлетворительное,Пассажирский,638-28-1084,763
764,ОАК,97,Неудовлетворительное,Пассажирский,697-73-7751,764
765,ОАК,41,Неудовлетворительное,Грузовой,126-38-7647,765
766,Boeing,47,Хорошее,Грузовой,817-14-5032,766
767,ОАК,62,Хорошее,Грузовой,199-81-4964,767
768,Kawasaki,4,Неудовлетворительное,Грузовой,578-48-7477,768
769,Lockheed,35,Неудовлетворительное,Грузовой,189-79-6916,769
770,ОАК,69,Удовлетворительное,Грузовой,389-03-6788,770
771,Lockheed,12,Идеальное,Грузовой,731-40-6277,771
772,Kawasaki,100,Хорошее,Грузовой,420-70-1483,772
773,ОАК,64,Неудовлетворительное,Пассажирский,644-24-2498,773
774,Airbus,5,Хорошее,Пассажирский,682-94-4035,774
775,Airbus,94,Ну такое,Пассажирский,558-22-9502,775
776,Airbus,4,Неудовлетворительное,Пассажирский,606-84-6472,776
777,ОАК,83,Хорошее,Пассажирский,112-08-0618,777
778,Airbus,92,Хорошее,Грузовой,184-39-6691,778
779,Туполев,2,Удовлетворительное,Грузовой,645-59-6874,779
780,Boeing,88,Удовлетворительное,Пассажирский,113-04-1265,780
781,ОАК,47,Хорошее,Пассажирский,391-14-4682,781
782,Airbus,73,Неудовлетворительное,Грузовой,172-42-9951,782
783,Kawasaki,50,Хорошее,Грузовой,895-99-9864,783
784,ОАК,84,Неудовлетворительное,Пассажирский,371-28-2839,784
785,Kawasaki,76,Неудовлетворительное,Пассажирский,374-39-1980,785
786,ОАК,16,Идеальное,Грузовой,309-47-1332,786
787,Kawasaki,92,Идеальное,Пассажирский,644-33-5949,787
788,Lockheed,78,Неудовлетворительное,Грузовой,319-32-8395,788
789,Туполев,25,Удовлетворительное,Грузовой,490-03-2951,789
790,Kawasaki,7,Идеальное,Пассажирский,513-50-3698,790
791,ОАК,79,Хорошее,Пассажирский,679-22-7215,791
792,Kawasaki,57,Идеальное,Пассажирский,645-46-2231,792
793,Boeing,52,Неудовлетворительное,Пассажирский,861-12-4800,793
794,Airbus,43,Удовлетворительное,Пассажирский,714-42-0997,794
795,Туполев,2,Неудовлетворительное,Пассажирский,295-86-2097,795
796,Boeing,79,Хорошее,Грузовой,448-37-7788,796
797,ОАК,84,Хорошее,Грузовой,786-38-4026,797
798,Airbus,99,Ну такое,Пассажирский,521-71-3405,798
799,ОАК,91,Идеальное,Грузовой,492-66-0924,799
800,Boeing,16,Идеальное,Пассажирский,877-34-0146,800
801,Airbus,0,Идеальное,Пассажирский,251-85-1747,801
802,Туполев,33,Идеальное,Пассажирский,403-34-5141,802
803,Туполев,42,Хорошее,Грузовой,593-79-9766,803
804,Boeing,85,Удовлетворительное,Пассажирский,251-22-0739,804
805,Туполев,87,Ну такое,Пассажирский,791-15-3357,805
806,Lockheed,46,Удовлетворительное,Пассажирский,200-94-0846,806
807,Kawasaki,39,Ну такое,Грузовой,265-17-6345,807
808,Boeing,8,Идеальное,Грузовой,353-63-0075,808
809,Туполев,78,Хорошее,Пассажирский,341-29-6602,809
810,Airbus,14,Идеальное,Пассажирский,166-51-6514,810
811,Airbus,81,Ну такое,Грузовой,725-04-2640,811
812,Lockheed,12,Неудовлетворительное,Грузовой,345-81-2890,812
813,Airbus,60,Идеальное,Пассажирский,195-08-7550,813
814,Туполев,87,Ну такое,Пассажирский,845-95-4009,814
815,Kawasaki,65,Хорошее,Грузовой,379-67-1536,815
816,Airbus,65,Хорошее,Грузовой,626-57-2607,816
817,ОАК,66,Хорошее,Пассажирский,530-34-0464,817
818,Airbus,44,Идеальное,Грузовой,500-75-0806,818
819,Airbus,97,Ну такое,Грузовой,391-11-3311,819
820,Airbus,89,Идеальное,Грузовой,761-50-9743,820
821,Туполев,96,Ну такое,Пассажирский,605-44-2189,821
822,Airbus,81,Неудовлетворительное,Пассажирский,364-97-0780,822
823,ОАК,16,Ну такое,Пассажирский,327-52-3028,823
824,Kawasaki,39,Ну такое,Грузовой,335-40-4499,824
825,Kawasaki,2,Хорошее,Пассажирский,371-57-3630,825
826,Туполев,74,Ну такое,Пассажирский,150-74-5048,826
827,Lockheed,74,Идеальное,Пассажирский,770-13-6164,827
828,Lockheed,20,Неудовлетворительное,Пассажирский,463-14-3781,828
829,Airbus,90,Ну такое,Грузовой,601-70-8472,829
830,Kawasaki,70,Ну такое,Пассажирский,803-51-2324,830
831,Kawasaki,37,Неудовлетворительное,Пассажирский,158-84-9420,831
832,Boeing,83,Ну такое,Грузовой,520-73-2630,832
833,Boeing,38,Удовлетворительное,Грузовой,336-91-1193,833
834,Boeing,71,Неудовлетворительное,Пассажирский,467-94-8525,834
835,Туполев,30,Удовлетворительное,Грузовой,349-52-5769,835
836,Туполев,75,Неудовлетворительное,Пассажирский,159-57-8818,836
837,Airbus,25,Идеальное,Пассажирский,424-86-5106,837
838,Boeing,41,Удовлетворительное,Пассажирский,330-20-9505,838
839,Airbus,33,Идеальное,Грузовой,581-07-2268,839
840,Lockheed,11,Неудовлетворительное,Пассажирский,555-47-8618,840
841,Boeing,28,Идеальное,Пассажирский,808-86-0552,841
842,Lockheed,60,Ну такое,Пассажирский,518-22-7163,842
843,Lockheed,11,Идеальное,Пассажирский,660-09-9668,843
844,Lockheed,62,Удовлетворительное,Пассажирский,544-17-9720,844
845,Туполев,4,Неудовлетворительное,Пассажирский,629-55-6926,845
846,Туполев,64,Удовлетворительное,Грузовой,463-36-7611,846
847,Туполев,87,Хорошее,Пассажирский,479-01-7072,847
848,Boeing,79,Удовлетворительное,Грузовой,720-52-7273,848
849,Airbus,41,Хорошее,Пассажирский,346-10-9270,849
850,Lockheed,27,Ну такое,Пассажирский,500-12-1423,850
851,ОАК,99,Удовлетворительное,Грузовой,591-21-2139,851
852,ОАК,99,Неудовлетворительное,Грузовой,457-04-5029,852
853,Boeing,83,Идеальное,Пассажирский,635-03-3735,853
854,Туполев,56,Неудовлетворительное,Грузовой,670-63-8473,854
855,Boeing,29,Идеальное,Пассажирский,461-11-0968,855
856,Airbus,70,Хорошее,Грузовой,308-23-5175,856
857,ОАК,6,Неудовлетворительное,Грузовой,473-22-4918,857
858,Туполев,10,Ну такое,Пассажирский,835-93-2231,858
859,Kawasaki,35,Хорошее,Пассажирский,745-58-4794,859
860,Туполев,36,Идеальное,Грузовой,484-45-0247,860
861,ОАК,24,Ну такое,Пассажирский,375-78-4478,861
862,Boeing,1,Неудовлетворительное,Пассажирский,677-85-0382,862
863,Kawasaki,10,Удовлетворительное,Грузовой,846-76-4010,863
864,Boeing,90,Идеальное,Пассажирский,300-77-6981,864
865,Airbus,58,Ну такое,Пассажирский,293-48-8557,865
866,Boeing,87,Идеальное,Грузовой,626-66-7862,866
867,Kawasaki,20,Неудовлетворительное,Грузовой,429-65-7217,867
868,Boeing,19,Удовлетворительное,Пассажирский,371-57-7870,868
869,ОАК,20,Неудовлетворительное,Грузовой,560-01-5446,869
870,Airbus,69,Неудовлетворительное,Грузовой,779-43-4339,870
871,Boeing,21,Хорошее,Пассажирский,628-58-3801,871
872,Airbus,41,Удовлетворительное,Грузовой,464-98-3190,872
873,Boeing,62,Удовлетворительное,Пассажирский,554-01-9560,873
874,Airbus,60,Хорошее,Пассажирский,715-92-7913,874
875,Туполев,82,Ну такое,Пассажирский,436-91-6604,875
876,Kawasaki,65,Удовлетворительное,Пассажирский,203-46-9619,876
877,Туполев,11,Неудовлетворительное,Пассажирский,333-11-4198,877
878,Kawasaki,84,Хорошее,Грузовой,325-80-8840,878
879,Lockheed,63,Удовлетворительное,Грузовой,389-96-3096,879
880,Lockheed,66,Удовлетворительное,Грузовой,698-83-4720,880
881,Lockheed,29,Идеальное,Пассажирский,208-03-1283,881
882,Kawasaki,71,Ну такое,Грузовой,344-11-7742,882
883,ОАК,62,Ну такое,Грузовой,302-18-5726,883
884,Boeing,65,Неудовлетворительное,Пассажирский,395-79-2216,884
885,Boeing,15,Идеальное,Грузовой,899-30-3489,885
886,ОАК,56,Неудовлетворительное,Грузовой,642-85-7413,886
887,Airbus,85,Неудовлетворительное,Грузовой,333-77-1209,887
888,Lockheed,98,Неудовлетворительное,Пассажирский,471-89-7700,888
889,Kawasaki,87,Неудовлетворительное,Пассажирский,659-93-6934,889
890,Lockheed,30,Неудовлетворительное,Пассажирский,546-40-1534,890
891,Airbus,1,Удовлетворительное,Грузовой,415-81-9768,891
892,Boeing,35,Удовлетворительное,Пассажирский,660-76-5998,892
893,Boeing,65,Удовлетворительное,Грузовой,270-34-5076,893
894,Туполев,35,Хорошее,Грузовой,331-32-2392,894
895,ОАК,12,Хорошее,Пассажирский,802-53-9526,895
896,Туполев,15,Идеальное,Пассажирский,843-63-7767,896
897,Lockheed,31,Неудовлетворительное,Пассажирский,409-93-9825,897
898,Airbus,29,Неудовлетворительное,Пассажирский,618-68-7270,898
899,Туполев,30,Удовлетворительное,Пассажирский,744-95-0106,899
900,Туполев,41,Идеальное,Пассажирский,811-11-5966,900
901,Туполев,34,Неудовлетворительное,Грузовой,780-80-1212,901
902,Lockheed,49,Ну такое,Пассажирский,347-92-1695,902
903,Туполев,47,Ну такое,Пассажирский,857-80-9966,903
904,Kawasaki,39,Хорошее,Пассажирский,609-64-7165,904
905,Lockheed,29,Неудовлетворительное,Пассажирский,624-96-5443,905
906,Boeing,0,Ну такое,Пассажирский,656-54-3904,906
907,Lockheed,7,Неудовлетворительное,Грузовой,406-98-2933,907
908,Lockheed,56,Удовлетворительное,Пассажирский,892-96-7628,908
909,Lockheed,46,Хорошее,Грузовой,244-15-1608,909
910,Airbus,51,Хорошее,Пассажирский,316-77-3403,910
911,Boeing,45,Неудовлетворительное,Грузовой,316-73-2936,911
912,Kawasaki,99,Хорошее,Пассажирский,713-36-6613,912
913,Kawasaki,77,Удовлетворительное,Пассажирский,777-60-3572,913
914,ОАК,7,Хорошее,Грузовой,820-09-0539,914
915,Kawasaki,87,Ну такое,Пассажирский,389-69-9034,915
916,ОАК,8,Удовлетворительное,Грузовой,489-53-1960,916
917,Туполев,2,Неудовлетворительное,Грузовой,690-50-7831,917
918,Туполев,69,Идеальное,Пассажирский,670-71-4463,918
919,Boeing,85,Идеальное,Пассажирский,662-19-5986,919
920,Kawasaki,90,Идеальное,Пассажирский,685-06-8406,920
921,Lockheed,58,Ну такое,Пассажирский,517-29-9625,921
922,Boeing,13,Удовлетворительное,Грузовой,180-24-8942,922
923,Boeing,79,Хорошее,Грузовой,750-88-9501,923
924,ОАК,95,Ну такое,Грузовой,174-39-5618,924
925,ОАК,41,Удовлетворительное,Грузовой,843-55-8631,925
926,Airbus,96,Идеальное,Грузовой,329-54-0850,926
927,Туполев,76,Ну такое,Грузовой,628-31-6659,927
928,Kawasaki,26,Хорошее,Грузовой,321-22-4441,928
929,Туполев,67,Неудовлетворительное,Грузовой,835-20-2074,929
930,Airbus,11,Удовлетворительное,Грузовой,566-31-4663,930
931,ОАК,47,Удовлетворительное,Пассажирский,322-74-0665,931
932,Lockheed,54,Ну такое,Пассажирский,276-73-3385,932
933,Туполев,27,Ну такое,Пассажирский,585-08-4106,933
934,Туполев,24,Ну такое,Пассажирский,794-55-5760,934
935,ОАК,60,Хорошее,Пассажирский,272-80-5864,935
936,Kawasaki,43,Ну такое,Грузовой,217-50-0637,936
937,Lockheed,4,Хорошее,Пассажирский,424-38-1724,937
938,Lockheed,39,Неудовлетворительное,Пассажирский,588-40-2530,938
939,Туполев,1,Неудовлетворительное,Пассажирский,729-50-9099,939
940,Kawasaki,82,Хорошее,Грузовой,601-73-8577,940
941,Airbus,14,Неудовлетворительное,Пассажирский,534-91-1302,941
942,Туполев,82,Ну такое,Грузовой,710-89-3190,942
943,ОАК,4,Хорошее,Грузовой,746-38-8377,943
944,ОАК,71,Идеальное,Пассажирский,426-23-4219,944
945,Airbus,89,Неудовлетворительное,Грузовой,509-08-7334,945
946,Boeing,77,Ну такое,Пассажирский,512-57-8628,946
947,ОАК,84,Идеальное,Пассажирский,120-73-5548,947
948,ОАК,29,Идеальное,Грузовой,682-78-2651,948
949,Airbus,1,Идеальное,Пассажирский,621-36-3344,949
950,Boeing,92,Неудовлетворительное,Грузовой,334-32-8353,950
951,Kawasaki,84,Идеальное,Грузовой,618-67-9305,951
952,Lockheed,45,Удовлетворительное,Пассажирский,603-33-0359,952
953,Boeing,63,Ну такое,Пассажирский,893-52-0475,953
954,Lockheed,89,Идеальное,Пассажирский,785-05-7220,954
955,ОАК,90,Удовлетворительное,Грузовой,352-30-1927,955
956,Lockheed,66,Хорошее,Пассажирский,733-68-9642,956
957,Boeing,61,Ну такое,Пассажирский,521-04-8720,957
958,Kawasaki,43,Хорошее,Грузовой,202-89-0080,958
959,Kawasaki,87,Идеальное,Пассажирский,773-89-1698,959
960,Kawasaki,34,Ну такое,Пассажирский,835-70-4642,960
961,Lockheed,15,Идеальное,Пассажирский,100-54-9822,961
962,Boeing,73,Неудовлетворительное,Пассажирский,895-23-6076,962
963,Airbus,88,Идеальное,Грузовой,802-28-5495,963
964,Airbus,31,Удовлетворительное,Грузовой,885-64-8414,964
965,ОАК,7,Идеальное,Пассажирский,844-74-6558,965
966,Lockheed,54,Неудовлетворительное,Пассажирский,407-64-1891,966
967,Kawasaki,23,Ну такое,Пассажирский,381-93-6377,967
968,Kawasaki,21,Идеальное,Грузовой,800-97-7647,968
969,Boeing,58,Неудовлетворительное,Пассажирский,117-24-6027,969
970,Kawasaki,11,Удовлетворительное,Грузовой,284-74-5396,970
971,Airbus,68,Удовлетворительное,Пассажирский,622-58-9710,971
972,Туполев,47,Неудовлетворительное,Грузовой,588-44-7933,972
973,Lockheed,47,Ну такое,Пассажирский,870-18-7705,973
974,Туполев,33,Удовлетворительное,Грузовой,496-35-0078,974
975,Lockheed,17,Хорошее,Грузовой,497-81-8006,975
976,Boeing,31,Идеальное,Грузовой,565-81-5187,976
977,Lockheed,53,Ну такое,Пассажирский,613-84-1064,977
978,Airbus,85,Ну такое,Грузовой,760-18-3939,978
979,ОАК,100,Хорошее,Пассажирский,704-40-0725,979
980,Туполев,29,Удовлетворительное,Пассажирский,331-43-3375,980
981,Kawasaki,24,Идеальное,Пассажирский,447-34-7661,981
982,Kawasaki,29,Хорошее,Грузовой,374-82-1236,982
983,Boeing,65,Неудовлетворительное,Пассажирский,849-34-0197,983
984,Boeing,35,Идеальное,Грузовой,388-80-2135,984
985,Boeing,84,Ну такое,Грузовой,368-36-7204,985
986,ОАК,79,Идеальное,Пассажирский,190-58-9032,986
987,Boeing,26,Неудовлетворительное,Пассажирский,749-36-1452,987
988,Туполев,58,Идеальное,Пассажирский,740-20-8727,988
989,Airbus,13,Ну такое,Пассажирский,133-38-1461,989
990,Boeing,46,Ну такое,Грузовой,636-18-2612,990
991,ОАК,18,Ну такое,Пассажирский,451-98-2864,991
992,Kawasaki,87,Ну такое,Пассажирский,218-41-1838,992
993,ОАК,5,Неудовлетворительное,Грузовой,741-13-0567,993
994,Airbus,65,Удовлетворительное,Грузовой,728-51-7447,994
995,Lockheed,25,Идеальное,Грузовой,373-12-8036,995
996,Kawasaki,98,Хорошее,Пассажирский,423-10-8873,996
997,Lockheed,30,Удовлетворительное,Пассажирский,442-49-8866,997
998,Kawasaki,8,Идеальное,Пассажирский,464-18-7696,998
999,ОАК,14,Неудовлетворительное,Грузовой,273-55-6023,999
1000,Туполев,60,Неудовлетворительное,Пассажирский,755-56-3295,1000
